id,firstname,lastname,email,email2,profession
100,Kathy,Clie,Kathy.Clie@yopmail.com,Kathy.Clie@gmail.com,police officer
101,Kristan,Colyer,Kristan.Colyer@yopmail.com,Kristan.Colyer@gmail.com,doctor
102,Nickie,Israeli,Nickie.Israeli@yopmail.com,Nickie.Israeli@gmail.com,doctor
103,Tomasina,Lucienne,Tomasina.Lucienne@yopmail.com,Tomasina.Lucienne@gmail.com,police officer
104,Mureil,Diann,Mureil.Diann@yopmail.com,Mureil.Diann@gmail.com,doctor
105,Clementine,Stoller,Clementine.Stoller@yopmail.com,Clementine.Stoller@gmail.com,firefighter
106,Marleah,Beebe,Marleah.Beebe@yopmail.com,Marleah.Beebe@gmail.com,developer
107,Anthia,Nicoline,Anthia.Nicoline@yopmail.com,Anthia.Nicoline@gmail.com,firefighter
108,Collen,Rheingold,Collen.Rheingold@yopmail.com,Collen.Rheingold@gmail.com,worker
109,Vita,Fulmer,Vita.Fulmer@yopmail.com,Vita.Fulmer@gmail.com,doctor
110,Di,Infield,Di.Infield@yopmail.com,Di.Infield@gmail.com,firefighter
111,Robinia,Larochelle,Robinia.Larochelle@yopmail.com,Robinia.Larochelle@gmail.com,doctor
112,Belinda,Leifeste,Belinda.Leifeste@yopmail.com,Belinda.Leifeste@gmail.com,developer
113,Meg,Ball,Meg.Ball@yopmail.com,Meg.Ball@gmail.com,developer
114,Bill,Reidar,Bill.Reidar@yopmail.com,Bill.Reidar@gmail.com,developer
115,Gilligan,Burch,Gilligan.Burch@yopmail.com,Gilligan.Burch@gmail.com,police officer
116,Tera,Latini,Tera.Latini@yopmail.com,Tera.Latini@gmail.com,doctor
117,Collen,Quinn,Collen.Quinn@yopmail.com,Collen.Quinn@gmail.com,worker
118,Lorne,Dosia,Lorne.Dosia@yopmail.com,Lorne.Dosia@gmail.com,police officer
119,Raina,Naor,Raina.Naor@yopmail.com,Raina.Naor@gmail.com,developer
120,Cherrita,Bahr,Cherrita.Bahr@yopmail.com,Cherrita.Bahr@gmail.com,developer
121,Gabi,Merna,Gabi.Merna@yopmail.com,Gabi.Merna@gmail.com,police officer
122,Doralynne,Evvie,Doralynne.Evvie@yopmail.com,Doralynne.Evvie@gmail.com,worker
123,Kamilah,Jacobah,Kamilah.Jacobah@yopmail.com,Kamilah.Jacobah@gmail.com,police officer
124,Pearline,Cloris,Pearline.Cloris@yopmail.com,Pearline.Cloris@gmail.com,police officer
125,Kellen,Bebe,Kellen.Bebe@yopmail.com,Kellen.Bebe@gmail.com,worker
126,Cordi,Amasa,Cordi.Amasa@yopmail.com,Cordi.Amasa@gmail.com,developer
127,Veda,Kenwood,Veda.Kenwood@yopmail.com,Veda.Kenwood@gmail.com,developer
128,Claudina,Chobot,Claudina.Chobot@yopmail.com,Claudina.Chobot@gmail.com,firefighter
129,Lanna,Raama,Lanna.Raama@yopmail.com,Lanna.Raama@gmail.com,developer
130,Dode,Edee,Dode.Edee@yopmail.com,Dode.Edee@gmail.com,developer
131,Melodie,Schroth,Melodie.Schroth@yopmail.com,Melodie.Schroth@gmail.com,developer
132,Mahalia,Lutero,Mahalia.Lutero@yopmail.com,Mahalia.Lutero@gmail.com,police officer
133,Alleen,Nerita,Alleen.Nerita@yopmail.com,Alleen.Nerita@gmail.com,worker
134,Tomasina,Goth,Tomasina.Goth@yopmail.com,Tomasina.Goth@gmail.com,firefighter
135,Belinda,Podvin,Belinda.Podvin@yopmail.com,Belinda.Podvin@gmail.com,developer
136,Aeriela,Tippets,Aeriela.Tippets@yopmail.com,Aeriela.Tippets@gmail.com,worker
137,Dotty,Callista,Dotty.Callista@yopmail.com,Dotty.Callista@gmail.com,doctor
138,Sidoney,Bennie,Sidoney.Bennie@yopmail.com,Sidoney.Bennie@gmail.com,firefighter
139,Karly,Dalli,Karly.Dalli@yopmail.com,Karly.Dalli@gmail.com,developer
140,Meg,Poppy,Meg.Poppy@yopmail.com,Meg.Poppy@gmail.com,firefighter
141,Nariko,Thilda,Nariko.Thilda@yopmail.com,Nariko.Thilda@gmail.com,worker
142,Cam,Blase,Cam.Blase@yopmail.com,Cam.Blase@gmail.com,doctor
143,Ellette,Shama,Ellette.Shama@yopmail.com,Ellette.Shama@gmail.com,firefighter
144,Neila,Linskey,Neila.Linskey@yopmail.com,Neila.Linskey@gmail.com,firefighter
145,Helena,Sophronia,Helena.Sophronia@yopmail.com,Helena.Sophronia@gmail.com,doctor
146,Lenna,Loleta,Lenna.Loleta@yopmail.com,Lenna.Loleta@gmail.com,firefighter
147,Sharlene,Neils,Sharlene.Neils@yopmail.com,Sharlene.Neils@gmail.com,police officer
148,Nannie,Hazlett,Nannie.Hazlett@yopmail.com,Nannie.Hazlett@gmail.com,police officer
149,Albertina,Klemperer,Albertina.Klemperer@yopmail.com,Albertina.Klemperer@gmail.com,police officer
150,Zia,Kirstin,Zia.Kirstin@yopmail.com,Zia.Kirstin@gmail.com,worker
151,Tomasina,Auberbach,Tomasina.Auberbach@yopmail.com,Tomasina.Auberbach@gmail.com,developer
152,Cathie,Dulciana,Cathie.Dulciana@yopmail.com,Cathie.Dulciana@gmail.com,developer
153,Trixi,Lareena,Trixi.Lareena@yopmail.com,Trixi.Lareena@gmail.com,firefighter
154,Delilah,Bandeen,Delilah.Bandeen@yopmail.com,Delilah.Bandeen@gmail.com,doctor
155,Pamella,Wenda,Pamella.Wenda@yopmail.com,Pamella.Wenda@gmail.com,worker
156,Ardeen,Podvin,Ardeen.Podvin@yopmail.com,Ardeen.Podvin@gmail.com,police officer
157,Madelle,Maroney,Madelle.Maroney@yopmail.com,Madelle.Maroney@gmail.com,developer
158,Margette,Tice,Margette.Tice@yopmail.com,Margette.Tice@gmail.com,worker
159,Pierette,Harned,Pierette.Harned@yopmail.com,Pierette.Harned@gmail.com,doctor
160,Lolita,Frodi,Lolita.Frodi@yopmail.com,Lolita.Frodi@gmail.com,police officer
161,Nananne,Suzetta,Nananne.Suzetta@yopmail.com,Nananne.Suzetta@gmail.com,worker
162,Pollyanna,Gladstone,Pollyanna.Gladstone@yopmail.com,Pollyanna.Gladstone@gmail.com,firefighter
163,Constance,Aaberg,Constance.Aaberg@yopmail.com,Constance.Aaberg@gmail.com,worker
164,Roberta,My,Roberta.My@yopmail.com,Roberta.My@gmail.com,doctor
165,Mignon,Giff,Mignon.Giff@yopmail.com,Mignon.Giff@gmail.com,developer
166,Moyna,Adalbert,Moyna.Adalbert@yopmail.com,Moyna.Adalbert@gmail.com,firefighter
167,Amii,Brieta,Amii.Brieta@yopmail.com,Amii.Brieta@gmail.com,doctor
168,Kirbee,Jotham,Kirbee.Jotham@yopmail.com,Kirbee.Jotham@gmail.com,police officer
169,Kerrin,Narton,Kerrin.Narton@yopmail.com,Kerrin.Narton@gmail.com,worker
170,Gratia,Constancy,Gratia.Constancy@yopmail.com,Gratia.Constancy@gmail.com,developer
171,Elvira,Arley,Elvira.Arley@yopmail.com,Elvira.Arley@gmail.com,police officer
172,Malina,Doig,Malina.Doig@yopmail.com,Malina.Doig@gmail.com,worker
173,Berta,Cleo,Berta.Cleo@yopmail.com,Berta.Cleo@gmail.com,firefighter
174,Lexine,Marcellus,Lexine.Marcellus@yopmail.com,Lexine.Marcellus@gmail.com,doctor
175,Vita,Bollay,Vita.Bollay@yopmail.com,Vita.Bollay@gmail.com,police officer
176,Raquela,Loring,Raquela.Loring@yopmail.com,Raquela.Loring@gmail.com,police officer
177,Daune,Santoro,Daune.Santoro@yopmail.com,Daune.Santoro@gmail.com,developer
178,Cecile,Ivens,Cecile.Ivens@yopmail.com,Cecile.Ivens@gmail.com,firefighter
179,Alexine,Ambrosia,Alexine.Ambrosia@yopmail.com,Alexine.Ambrosia@gmail.com,worker
180,Kial,Barrus,Kial.Barrus@yopmail.com,Kial.Barrus@gmail.com,police officer
181,Harmonia,Camden,Harmonia.Camden@yopmail.com,Harmonia.Camden@gmail.com,developer
182,Janeczka,Gamaliel,Janeczka.Gamaliel@yopmail.com,Janeczka.Gamaliel@gmail.com,doctor
183,Gaylene,Han,Gaylene.Han@yopmail.com,Gaylene.Han@gmail.com,doctor
184,Deedee,Dermott,Deedee.Dermott@yopmail.com,Deedee.Dermott@gmail.com,doctor
185,Celestyna,Mayeda,Celestyna.Mayeda@yopmail.com,Celestyna.Mayeda@gmail.com,firefighter
186,Nataline,Alrich,Nataline.Alrich@yopmail.com,Nataline.Alrich@gmail.com,doctor
187,Inga,Sandye,Inga.Sandye@yopmail.com,Inga.Sandye@gmail.com,developer
188,Collen,Maurine,Collen.Maurine@yopmail.com,Collen.Maurine@gmail.com,developer
189,Nadine,Nahum,Nadine.Nahum@yopmail.com,Nadine.Nahum@gmail.com,worker
190,Kellen,Gabrielli,Kellen.Gabrielli@yopmail.com,Kellen.Gabrielli@gmail.com,firefighter
191,Odessa,Hillel,Odessa.Hillel@yopmail.com,Odessa.Hillel@gmail.com,doctor
192,Aurore,Dimitris,Aurore.Dimitris@yopmail.com,Aurore.Dimitris@gmail.com,firefighter
193,Courtnay,Felecia,Courtnay.Felecia@yopmail.com,Courtnay.Felecia@gmail.com,doctor
194,Alie,Naashom,Alie.Naashom@yopmail.com,Alie.Naashom@gmail.com,police officer
195,Jsandye,Chandler,Jsandye.Chandler@yopmail.com,Jsandye.Chandler@gmail.com,firefighter
196,Therine,Hieronymus,Therine.Hieronymus@yopmail.com,Therine.Hieronymus@gmail.com,doctor
197,Joceline,Dudley,Joceline.Dudley@yopmail.com,Joceline.Dudley@gmail.com,doctor
198,Libbie,Socha,Libbie.Socha@yopmail.com,Libbie.Socha@gmail.com,developer
199,Phedra,Francene,Phedra.Francene@yopmail.com,Phedra.Francene@gmail.com,doctor
200,Madalyn,Baudin,Madalyn.Baudin@yopmail.com,Madalyn.Baudin@gmail.com,firefighter
201,Lolita,Lane,Lolita.Lane@yopmail.com,Lolita.Lane@gmail.com,firefighter
202,Bill,Richers,Bill.Richers@yopmail.com,Bill.Richers@gmail.com,worker
203,Edee,Lorenz,Edee.Lorenz@yopmail.com,Edee.Lorenz@gmail.com,developer
204,Gianina,Ralfston,Gianina.Ralfston@yopmail.com,Gianina.Ralfston@gmail.com,firefighter
205,Talya,Raseda,Talya.Raseda@yopmail.com,Talya.Raseda@gmail.com,police officer
206,Tobe,Erich,Tobe.Erich@yopmail.com,Tobe.Erich@gmail.com,firefighter
207,Tori,Euridice,Tori.Euridice@yopmail.com,Tori.Euridice@gmail.com,police officer
208,Pamella,Modie,Pamella.Modie@yopmail.com,Pamella.Modie@gmail.com,firefighter
209,Maurene,Gibbeon,Maurene.Gibbeon@yopmail.com,Maurene.Gibbeon@gmail.com,doctor
210,Dorice,Schonfeld,Dorice.Schonfeld@yopmail.com,Dorice.Schonfeld@gmail.com,firefighter
211,Katleen,Huggins,Katleen.Huggins@yopmail.com,Katleen.Huggins@gmail.com,doctor
212,Cyb,Harriman,Cyb.Harriman@yopmail.com,Cyb.Harriman@gmail.com,worker
213,Leeanne,Joseph,Leeanne.Joseph@yopmail.com,Leeanne.Joseph@gmail.com,worker
214,Stacey,Rebecka,Stacey.Rebecka@yopmail.com,Stacey.Rebecka@gmail.com,police officer
215,Bee,Rugen,Bee.Rugen@yopmail.com,Bee.Rugen@gmail.com,developer
216,Kristina,Merna,Kristina.Merna@yopmail.com,Kristina.Merna@gmail.com,firefighter
217,Magdalena,Lilas,Magdalena.Lilas@yopmail.com,Magdalena.Lilas@gmail.com,developer
218,Leanna,Magdalen,Leanna.Magdalen@yopmail.com,Leanna.Magdalen@gmail.com,firefighter
219,Renie,Amasa,Renie.Amasa@yopmail.com,Renie.Amasa@gmail.com,worker
220,Shauna,Riva,Shauna.Riva@yopmail.com,Shauna.Riva@gmail.com,developer
221,Carmela,Constancy,Carmela.Constancy@yopmail.com,Carmela.Constancy@gmail.com,firefighter
222,Ebonee,Aldric,Ebonee.Aldric@yopmail.com,Ebonee.Aldric@gmail.com,police officer
223,Aigneis,Thar,Aigneis.Thar@yopmail.com,Aigneis.Thar@gmail.com,police officer
224,Deane,Ahab,Deane.Ahab@yopmail.com,Deane.Ahab@gmail.com,doctor
225,Georgetta,Neils,Georgetta.Neils@yopmail.com,Georgetta.Neils@gmail.com,firefighter
226,Evaleen,Vernier,Evaleen.Vernier@yopmail.com,Evaleen.Vernier@gmail.com,police officer
227,Shel,Rese,Shel.Rese@yopmail.com,Shel.Rese@gmail.com,worker
228,Candy,Bluh,Candy.Bluh@yopmail.com,Candy.Bluh@gmail.com,firefighter
229,Anica,Aida,Anica.Aida@yopmail.com,Anica.Aida@gmail.com,worker
230,Alexine,Leary,Alexine.Leary@yopmail.com,Alexine.Leary@gmail.com,doctor
231,Zia,Haymes,Zia.Haymes@yopmail.com,Zia.Haymes@gmail.com,worker
232,Jinny,Aldric,Jinny.Aldric@yopmail.com,Jinny.Aldric@gmail.com,police officer
233,Cissiee,Slifka,Cissiee.Slifka@yopmail.com,Cissiee.Slifka@gmail.com,worker
234,Deirdre,Tybald,Deirdre.Tybald@yopmail.com,Deirdre.Tybald@gmail.com,worker
235,Trixi,Hutchison,Trixi.Hutchison@yopmail.com,Trixi.Hutchison@gmail.com,police officer
236,Dorthy,Zamora,Dorthy.Zamora@yopmail.com,Dorthy.Zamora@gmail.com,developer
237,Riannon,Pandolfi,Riannon.Pandolfi@yopmail.com,Riannon.Pandolfi@gmail.com,police officer
238,Lorie,Seessel,Lorie.Seessel@yopmail.com,Lorie.Seessel@gmail.com,developer
239,Annora,Kolnick,Annora.Kolnick@yopmail.com,Annora.Kolnick@gmail.com,doctor
240,Fina,Tippets,Fina.Tippets@yopmail.com,Fina.Tippets@gmail.com,doctor
241,Zia,Grosz,Zia.Grosz@yopmail.com,Zia.Grosz@gmail.com,worker
242,Henriette,Naor,Henriette.Naor@yopmail.com,Henriette.Naor@gmail.com,developer
243,Norine,Eno,Norine.Eno@yopmail.com,Norine.Eno@gmail.com,developer
244,Heida,Stilwell,Heida.Stilwell@yopmail.com,Heida.Stilwell@gmail.com,worker
245,Sonni,Lorenz,Sonni.Lorenz@yopmail.com,Sonni.Lorenz@gmail.com,firefighter
246,Nariko,Michella,Nariko.Michella@yopmail.com,Nariko.Michella@gmail.com,firefighter
247,Cathie,Wu,Cathie.Wu@yopmail.com,Cathie.Wu@gmail.com,worker
248,Feliza,Lumbard,Feliza.Lumbard@yopmail.com,Feliza.Lumbard@gmail.com,police officer
249,Brooks,Merat,Brooks.Merat@yopmail.com,Brooks.Merat@gmail.com,doctor
250,Darci,Desai,Darci.Desai@yopmail.com,Darci.Desai@gmail.com,police officer
251,Lorne,Christine,Lorne.Christine@yopmail.com,Lorne.Christine@gmail.com,firefighter
252,Brena,Wu,Brena.Wu@yopmail.com,Brena.Wu@gmail.com,worker
253,Sherrie,Bronk,Sherrie.Bronk@yopmail.com,Sherrie.Bronk@gmail.com,doctor
254,Margette,Ellerey,Margette.Ellerey@yopmail.com,Margette.Ellerey@gmail.com,doctor
255,Gerianna,Shanley,Gerianna.Shanley@yopmail.com,Gerianna.Shanley@gmail.com,police officer
256,Dorene,Rillings,Dorene.Rillings@yopmail.com,Dorene.Rillings@gmail.com,doctor
257,Aurore,Hutchison,Aurore.Hutchison@yopmail.com,Aurore.Hutchison@gmail.com,police officer
258,Adore,Llovera,Adore.Llovera@yopmail.com,Adore.Llovera@gmail.com,police officer
259,Marti,Ralfston,Marti.Ralfston@yopmail.com,Marti.Ralfston@gmail.com,police officer
260,Aurore,Estella,Aurore.Estella@yopmail.com,Aurore.Estella@gmail.com,developer
261,Bill,Wareing,Bill.Wareing@yopmail.com,Bill.Wareing@gmail.com,firefighter
262,Morganica,Lindemann,Morganica.Lindemann@yopmail.com,Morganica.Lindemann@gmail.com,firefighter
263,Amara,Nore,Amara.Nore@yopmail.com,Amara.Nore@gmail.com,worker
264,Vevay,Bartlett,Vevay.Bartlett@yopmail.com,Vevay.Bartlett@gmail.com,worker
265,Alyda,Sandye,Alyda.Sandye@yopmail.com,Alyda.Sandye@gmail.com,worker
266,Henriette,Thunell,Henriette.Thunell@yopmail.com,Henriette.Thunell@gmail.com,police officer
267,Sissy,Katrine,Sissy.Katrine@yopmail.com,Sissy.Katrine@gmail.com,police officer
268,Margalo,Roscoe,Margalo.Roscoe@yopmail.com,Margalo.Roscoe@gmail.com,firefighter
269,Ardeen,Johnsson,Ardeen.Johnsson@yopmail.com,Ardeen.Johnsson@gmail.com,firefighter
270,Carmela,Kolnick,Carmela.Kolnick@yopmail.com,Carmela.Kolnick@gmail.com,firefighter
271,Jolyn,Bates,Jolyn.Bates@yopmail.com,Jolyn.Bates@gmail.com,police officer
272,Melisent,Germann,Melisent.Germann@yopmail.com,Melisent.Germann@gmail.com,police officer
273,Maridel,Bettine,Maridel.Bettine@yopmail.com,Maridel.Bettine@gmail.com,worker
274,Mamie,Braun,Mamie.Braun@yopmail.com,Mamie.Braun@gmail.com,police officer
275,Mignon,Colbert,Mignon.Colbert@yopmail.com,Mignon.Colbert@gmail.com,police officer
276,Kore,Baptlsta,Kore.Baptlsta@yopmail.com,Kore.Baptlsta@gmail.com,firefighter
277,Cathie,Tremayne,Cathie.Tremayne@yopmail.com,Cathie.Tremayne@gmail.com,worker
278,Gisela,Lail,Gisela.Lail@yopmail.com,Gisela.Lail@gmail.com,doctor
279,Britte,Ciapas,Britte.Ciapas@yopmail.com,Britte.Ciapas@gmail.com,police officer
280,Hope,Larochelle,Hope.Larochelle@yopmail.com,Hope.Larochelle@gmail.com,doctor
281,Eolanda,Moseley,Eolanda.Moseley@yopmail.com,Eolanda.Moseley@gmail.com,developer
282,Drucie,Even,Drucie.Even@yopmail.com,Drucie.Even@gmail.com,police officer
283,Gianina,Kosey,Gianina.Kosey@yopmail.com,Gianina.Kosey@gmail.com,police officer
284,Shaine,Thilda,Shaine.Thilda@yopmail.com,Shaine.Thilda@gmail.com,firefighter
285,Feliza,Calhoun,Feliza.Calhoun@yopmail.com,Feliza.Calhoun@gmail.com,police officer
286,Lorenza,Janene,Lorenza.Janene@yopmail.com,Lorenza.Janene@gmail.com,police officer
287,Pollyanna,Rese,Pollyanna.Rese@yopmail.com,Pollyanna.Rese@gmail.com,developer
288,Olivette,Monaco,Olivette.Monaco@yopmail.com,Olivette.Monaco@gmail.com,doctor
289,Hope,Borrell,Hope.Borrell@yopmail.com,Hope.Borrell@gmail.com,worker
290,Dacia,Kinnard,Dacia.Kinnard@yopmail.com,Dacia.Kinnard@gmail.com,developer
291,Kaja,Rheingold,Kaja.Rheingold@yopmail.com,Kaja.Rheingold@gmail.com,developer
292,Phylis,Stevy,Phylis.Stevy@yopmail.com,Phylis.Stevy@gmail.com,police officer
293,Correy,Phyllis,Correy.Phyllis@yopmail.com,Correy.Phyllis@gmail.com,firefighter
294,Carmencita,Jary,Carmencita.Jary@yopmail.com,Carmencita.Jary@gmail.com,doctor
295,Renae,Dalli,Renae.Dalli@yopmail.com,Renae.Dalli@gmail.com,doctor
296,Bertine,Bigner,Bertine.Bigner@yopmail.com,Bertine.Bigner@gmail.com,developer
297,Selma,Sherfield,Selma.Sherfield@yopmail.com,Selma.Sherfield@gmail.com,doctor
298,Ashlee,Neva,Ashlee.Neva@yopmail.com,Ashlee.Neva@gmail.com,police officer
299,Gavrielle,Oster,Gavrielle.Oster@yopmail.com,Gavrielle.Oster@gmail.com,developer
300,Mallory,Masao,Mallory.Masao@yopmail.com,Mallory.Masao@gmail.com,developer
301,Di,Maisey,Di.Maisey@yopmail.com,Di.Maisey@gmail.com,firefighter
302,Aubrie,Breed,Aubrie.Breed@yopmail.com,Aubrie.Breed@gmail.com,doctor
303,Brena,Bari,Brena.Bari@yopmail.com,Brena.Bari@gmail.com,developer
304,Ira,Koziara,Ira.Koziara@yopmail.com,Ira.Koziara@gmail.com,police officer
305,Blondelle,Chobot,Blondelle.Chobot@yopmail.com,Blondelle.Chobot@gmail.com,doctor
306,Paola,Stanwood,Paola.Stanwood@yopmail.com,Paola.Stanwood@gmail.com,firefighter
307,Aaren,Michella,Aaren.Michella@yopmail.com,Aaren.Michella@gmail.com,firefighter
308,Rani,Trace,Rani.Trace@yopmail.com,Rani.Trace@gmail.com,police officer
309,Rosanne,Florina,Rosanne.Florina@yopmail.com,Rosanne.Florina@gmail.com,developer
310,Marcy,Gabrielli,Marcy.Gabrielli@yopmail.com,Marcy.Gabrielli@gmail.com,doctor
311,Tatiania,Roarke,Tatiania.Roarke@yopmail.com,Tatiania.Roarke@gmail.com,worker
312,Kimmy,Rooney,Kimmy.Rooney@yopmail.com,Kimmy.Rooney@gmail.com,firefighter
313,Feliza,Heidt,Feliza.Heidt@yopmail.com,Feliza.Heidt@gmail.com,police officer
314,Hayley,Cordi,Hayley.Cordi@yopmail.com,Hayley.Cordi@gmail.com,worker
315,Zondra,Sheedy,Zondra.Sheedy@yopmail.com,Zondra.Sheedy@gmail.com,developer
316,Dari,Sacken,Dari.Sacken@yopmail.com,Dari.Sacken@gmail.com,developer
317,Annaliese,Vilma,Annaliese.Vilma@yopmail.com,Annaliese.Vilma@gmail.com,worker
318,Noelle,Carri,Noelle.Carri@yopmail.com,Noelle.Carri@gmail.com,police officer
319,Lanae,Geffner,Lanae.Geffner@yopmail.com,Lanae.Geffner@gmail.com,firefighter
320,Nessie,Bevin,Nessie.Bevin@yopmail.com,Nessie.Bevin@gmail.com,doctor
321,Quintina,Rubie,Quintina.Rubie@yopmail.com,Quintina.Rubie@gmail.com,doctor
322,Nananne,Reinke,Nananne.Reinke@yopmail.com,Nananne.Reinke@gmail.com,doctor
323,Karena,Caitlin,Karena.Caitlin@yopmail.com,Karena.Caitlin@gmail.com,police officer
324,Cristabel,Crudden,Cristabel.Crudden@yopmail.com,Cristabel.Crudden@gmail.com,doctor
325,Tomasina,Malina,Tomasina.Malina@yopmail.com,Tomasina.Malina@gmail.com,firefighter
326,Janey,Freddi,Janey.Freddi@yopmail.com,Janey.Freddi@gmail.com,worker
327,Dorothy,Fennessy,Dorothy.Fennessy@yopmail.com,Dorothy.Fennessy@gmail.com,firefighter
328,Gabriellia,Rodmann,Gabriellia.Rodmann@yopmail.com,Gabriellia.Rodmann@gmail.com,doctor
329,Caritta,Screens,Caritta.Screens@yopmail.com,Caritta.Screens@gmail.com,developer
330,Michaelina,Aurelio,Michaelina.Aurelio@yopmail.com,Michaelina.Aurelio@gmail.com,police officer
331,Annaliese,Haymes,Annaliese.Haymes@yopmail.com,Annaliese.Haymes@gmail.com,doctor
332,Kerrin,Masao,Kerrin.Masao@yopmail.com,Kerrin.Masao@gmail.com,firefighter
333,Gwenneth,Emmaline,Gwenneth.Emmaline@yopmail.com,Gwenneth.Emmaline@gmail.com,developer
334,Starla,Freddi,Starla.Freddi@yopmail.com,Starla.Freddi@gmail.com,developer
335,Sonni,Erminia,Sonni.Erminia@yopmail.com,Sonni.Erminia@gmail.com,doctor
336,Bernardine,Cloris,Bernardine.Cloris@yopmail.com,Bernardine.Cloris@gmail.com,police officer
337,Mary,Bergman,Mary.Bergman@yopmail.com,Mary.Bergman@gmail.com,developer
338,Lily,Monk,Lily.Monk@yopmail.com,Lily.Monk@gmail.com,doctor
339,Meriel,Gino,Meriel.Gino@yopmail.com,Meriel.Gino@gmail.com,police officer
340,Carol-Jean,Septima,Carol-Jean.Septima@yopmail.com,Carol-Jean.Septima@gmail.com,doctor
341,Roslyn,Killigrew,Roslyn.Killigrew@yopmail.com,Roslyn.Killigrew@gmail.com,developer
342,Mallory,Belanger,Mallory.Belanger@yopmail.com,Mallory.Belanger@gmail.com,firefighter
343,Asia,Madox,Asia.Madox@yopmail.com,Asia.Madox@gmail.com,developer
344,Renie,Buffum,Renie.Buffum@yopmail.com,Renie.Buffum@gmail.com,doctor
345,Glenda,Virgin,Glenda.Virgin@yopmail.com,Glenda.Virgin@gmail.com,worker
346,Augustine,Pillsbury,Augustine.Pillsbury@yopmail.com,Augustine.Pillsbury@gmail.com,firefighter
347,Riannon,Persse,Riannon.Persse@yopmail.com,Riannon.Persse@gmail.com,worker
348,Etta,Olnee,Etta.Olnee@yopmail.com,Etta.Olnee@gmail.com,doctor
349,Suzette,Mauer,Suzette.Mauer@yopmail.com,Suzette.Mauer@gmail.com,firefighter
350,Farrah,Korey,Farrah.Korey@yopmail.com,Farrah.Korey@gmail.com,worker
351,Ezmeralda,Bouchard,Ezmeralda.Bouchard@yopmail.com,Ezmeralda.Bouchard@gmail.com,worker
352,Emmey,Cecile,Emmey.Cecile@yopmail.com,Emmey.Cecile@gmail.com,firefighter
353,Nickie,Uird,Nickie.Uird@yopmail.com,Nickie.Uird@gmail.com,police officer
354,Annecorinne,Nore,Annecorinne.Nore@yopmail.com,Annecorinne.Nore@gmail.com,police officer
355,Aigneis,Mehalek,Aigneis.Mehalek@yopmail.com,Aigneis.Mehalek@gmail.com,police officer
356,Deloria,Iaverne,Deloria.Iaverne@yopmail.com,Deloria.Iaverne@gmail.com,doctor
357,Vivia,Colbert,Vivia.Colbert@yopmail.com,Vivia.Colbert@gmail.com,firefighter
358,Chloris,Francene,Chloris.Francene@yopmail.com,Chloris.Francene@gmail.com,developer
359,Shandie,Phi,Shandie.Phi@yopmail.com,Shandie.Phi@gmail.com,police officer
360,Kristan,Anyah,Kristan.Anyah@yopmail.com,Kristan.Anyah@gmail.com,firefighter
361,Debee,Han,Debee.Han@yopmail.com,Debee.Han@gmail.com,developer
362,Tersina,Hourigan,Tersina.Hourigan@yopmail.com,Tersina.Hourigan@gmail.com,doctor
363,Ada,Philipp,Ada.Philipp@yopmail.com,Ada.Philipp@gmail.com,firefighter
364,Caryl,Bord,Caryl.Bord@yopmail.com,Caryl.Bord@gmail.com,police officer
365,Jany,Pulsifer,Jany.Pulsifer@yopmail.com,Jany.Pulsifer@gmail.com,developer
366,Edith,Schwejda,Edith.Schwejda@yopmail.com,Edith.Schwejda@gmail.com,worker
367,Myriam,Eiser,Myriam.Eiser@yopmail.com,Myriam.Eiser@gmail.com,firefighter
368,Tatiania,Sawtelle,Tatiania.Sawtelle@yopmail.com,Tatiania.Sawtelle@gmail.com,firefighter
369,Anallese,Ephrem,Anallese.Ephrem@yopmail.com,Anallese.Ephrem@gmail.com,doctor
370,Arlina,Kalinda,Arlina.Kalinda@yopmail.com,Arlina.Kalinda@gmail.com,worker
371,Sashenka,Agle,Sashenka.Agle@yopmail.com,Sashenka.Agle@gmail.com,developer
372,Frances,Garlinda,Frances.Garlinda@yopmail.com,Frances.Garlinda@gmail.com,police officer
373,Henriette,Junie,Henriette.Junie@yopmail.com,Henriette.Junie@gmail.com,doctor
374,Antonietta,Brian,Antonietta.Brian@yopmail.com,Antonietta.Brian@gmail.com,doctor
375,Beth,Morrill,Beth.Morrill@yopmail.com,Beth.Morrill@gmail.com,worker
376,Janeczka,Vilma,Janeczka.Vilma@yopmail.com,Janeczka.Vilma@gmail.com,worker
377,Ericka,Delp,Ericka.Delp@yopmail.com,Ericka.Delp@gmail.com,worker
378,Nikki,Gower,Nikki.Gower@yopmail.com,Nikki.Gower@gmail.com,developer
379,Dulce,Morrill,Dulce.Morrill@yopmail.com,Dulce.Morrill@gmail.com,developer
380,Merrie,Raul,Merrie.Raul@yopmail.com,Merrie.Raul@gmail.com,developer
381,Hallie,Fillbert,Hallie.Fillbert@yopmail.com,Hallie.Fillbert@gmail.com,worker
382,Nariko,Jeanne,Nariko.Jeanne@yopmail.com,Nariko.Jeanne@gmail.com,developer
383,Aeriela,Laverne,Aeriela.Laverne@yopmail.com,Aeriela.Laverne@gmail.com,developer
384,Cristine,Silvan,Cristine.Silvan@yopmail.com,Cristine.Silvan@gmail.com,worker
385,Chandra,Dichy,Chandra.Dichy@yopmail.com,Chandra.Dichy@gmail.com,doctor
386,Lucy,Tiffa,Lucy.Tiffa@yopmail.com,Lucy.Tiffa@gmail.com,doctor
387,Chandra,Elisha,Chandra.Elisha@yopmail.com,Chandra.Elisha@gmail.com,doctor
388,Brynna,Goth,Brynna.Goth@yopmail.com,Brynna.Goth@gmail.com,police officer
389,Ulrike,Abram,Ulrike.Abram@yopmail.com,Ulrike.Abram@gmail.com,doctor
390,Gabi,Uird,Gabi.Uird@yopmail.com,Gabi.Uird@gmail.com,developer
391,Bee,Ashok,Bee.Ashok@yopmail.com,Bee.Ashok@gmail.com,developer
392,Gaylene,Aprile,Gaylene.Aprile@yopmail.com,Gaylene.Aprile@gmail.com,police officer
393,Damaris,Iaverne,Damaris.Iaverne@yopmail.com,Damaris.Iaverne@gmail.com,firefighter
394,Nananne,Malanie,Nananne.Malanie@yopmail.com,Nananne.Malanie@gmail.com,worker
395,Audrie,Zeeba,Audrie.Zeeba@yopmail.com,Audrie.Zeeba@gmail.com,police officer
396,Carilyn,Fontana,Carilyn.Fontana@yopmail.com,Carilyn.Fontana@gmail.com,police officer
397,Vonny,Silvan,Vonny.Silvan@yopmail.com,Vonny.Silvan@gmail.com,developer
398,Caressa,Weide,Caressa.Weide@yopmail.com,Caressa.Weide@gmail.com,worker
399,Halette,Edvard,Halette.Edvard@yopmail.com,Halette.Edvard@gmail.com,doctor
400,Janis,Uird,Janis.Uird@yopmail.com,Janis.Uird@gmail.com,developer
401,Danny,Iiette,Danny.Iiette@yopmail.com,Danny.Iiette@gmail.com,firefighter
402,Noelle,Casimir,Noelle.Casimir@yopmail.com,Noelle.Casimir@gmail.com,developer
403,Jacenta,Sekofski,Jacenta.Sekofski@yopmail.com,Jacenta.Sekofski@gmail.com,firefighter
404,Aimil,Jerald,Aimil.Jerald@yopmail.com,Aimil.Jerald@gmail.com,firefighter
405,Regina,Bearnard,Regina.Bearnard@yopmail.com,Regina.Bearnard@gmail.com,police officer
406,Melina,Neils,Melina.Neils@yopmail.com,Melina.Neils@gmail.com,worker
407,Tani,Chabot,Tani.Chabot@yopmail.com,Tani.Chabot@gmail.com,developer
408,Brynna,Wadell,Brynna.Wadell@yopmail.com,Brynna.Wadell@gmail.com,doctor
409,Brena,Stoller,Brena.Stoller@yopmail.com,Brena.Stoller@gmail.com,developer
410,Candi,Means,Candi.Means@yopmail.com,Candi.Means@gmail.com,developer
411,Brynna,Sigfrid,Brynna.Sigfrid@yopmail.com,Brynna.Sigfrid@gmail.com,doctor
412,Inga,Nelsen,Inga.Nelsen@yopmail.com,Inga.Nelsen@gmail.com,firefighter
413,Korrie,Celestine,Korrie.Celestine@yopmail.com,Korrie.Celestine@gmail.com,developer
414,Trixi,Lissi,Trixi.Lissi@yopmail.com,Trixi.Lissi@gmail.com,doctor
415,Lulita,Caitlin,Lulita.Caitlin@yopmail.com,Lulita.Caitlin@gmail.com,developer
416,Annaliese,Wyn,Annaliese.Wyn@yopmail.com,Annaliese.Wyn@gmail.com,firefighter
417,Starla,Nickola,Starla.Nickola@yopmail.com,Starla.Nickola@gmail.com,doctor
418,Tera,Mallon,Tera.Mallon@yopmail.com,Tera.Mallon@gmail.com,developer
419,Perry,Kat,Perry.Kat@yopmail.com,Perry.Kat@gmail.com,police officer
420,Mellicent,Fax,Mellicent.Fax@yopmail.com,Mellicent.Fax@gmail.com,firefighter
421,Janis,Amadas,Janis.Amadas@yopmail.com,Janis.Amadas@gmail.com,police officer
422,Henriette,Dituri,Henriette.Dituri@yopmail.com,Henriette.Dituri@gmail.com,police officer
423,Anestassia,Moina,Anestassia.Moina@yopmail.com,Anestassia.Moina@gmail.com,worker
424,Lorne,Alejoa,Lorne.Alejoa@yopmail.com,Lorne.Alejoa@gmail.com,worker
425,Carmencita,An,Carmencita.An@yopmail.com,Carmencita.An@gmail.com,doctor
426,Robinia,Bigner,Robinia.Bigner@yopmail.com,Robinia.Bigner@gmail.com,worker
427,Jacquetta,Shelba,Jacquetta.Shelba@yopmail.com,Jacquetta.Shelba@gmail.com,developer
428,Vonny,Lutero,Vonny.Lutero@yopmail.com,Vonny.Lutero@gmail.com,developer
429,Esmeralda,Rudolph,Esmeralda.Rudolph@yopmail.com,Esmeralda.Rudolph@gmail.com,police officer
430,Alejandra,Roche,Alejandra.Roche@yopmail.com,Alejandra.Roche@gmail.com,doctor
431,Amelia,Aloise,Amelia.Aloise@yopmail.com,Amelia.Aloise@gmail.com,firefighter
432,Sonni,Schonfeld,Sonni.Schonfeld@yopmail.com,Sonni.Schonfeld@gmail.com,doctor
433,Kristina,Xerxes,Kristina.Xerxes@yopmail.com,Kristina.Xerxes@gmail.com,developer
434,Louella,Emerson,Louella.Emerson@yopmail.com,Louella.Emerson@gmail.com,developer
435,Sidoney,Martsen,Sidoney.Martsen@yopmail.com,Sidoney.Martsen@gmail.com,doctor
436,Marti,Sherrie,Marti.Sherrie@yopmail.com,Marti.Sherrie@gmail.com,firefighter
437,Leontine,Sacken,Leontine.Sacken@yopmail.com,Leontine.Sacken@gmail.com,police officer
438,Verla,Dreda,Verla.Dreda@yopmail.com,Verla.Dreda@gmail.com,firefighter
439,Oralee,Hirsch,Oralee.Hirsch@yopmail.com,Oralee.Hirsch@gmail.com,doctor
440,Starla,Jary,Starla.Jary@yopmail.com,Starla.Jary@gmail.com,developer
441,Christian,Martsen,Christian.Martsen@yopmail.com,Christian.Martsen@gmail.com,police officer
442,Brana,Korey,Brana.Korey@yopmail.com,Brana.Korey@gmail.com,worker
443,Gilda,Maiah,Gilda.Maiah@yopmail.com,Gilda.Maiah@gmail.com,doctor
444,Nikki,Goddard,Nikki.Goddard@yopmail.com,Nikki.Goddard@gmail.com,developer
445,Tilly,Atcliffe,Tilly.Atcliffe@yopmail.com,Tilly.Atcliffe@gmail.com,developer
446,Alia,Eldrid,Alia.Eldrid@yopmail.com,Alia.Eldrid@gmail.com,worker
447,Heddie,Ochs,Heddie.Ochs@yopmail.com,Heddie.Ochs@gmail.com,doctor
448,Leanna,Orpah,Leanna.Orpah@yopmail.com,Leanna.Orpah@gmail.com,doctor
449,Lory,Hunfredo,Lory.Hunfredo@yopmail.com,Lory.Hunfredo@gmail.com,developer
450,Wilma,Mallon,Wilma.Mallon@yopmail.com,Wilma.Mallon@gmail.com,worker
451,Romona,Fancie,Romona.Fancie@yopmail.com,Romona.Fancie@gmail.com,police officer
452,Oralee,Thomasina,Oralee.Thomasina@yopmail.com,Oralee.Thomasina@gmail.com,firefighter
453,Tracey,Gombach,Tracey.Gombach@yopmail.com,Tracey.Gombach@gmail.com,police officer
454,Alyda,Obed,Alyda.Obed@yopmail.com,Alyda.Obed@gmail.com,firefighter
455,Arabel,Willie,Arabel.Willie@yopmail.com,Arabel.Willie@gmail.com,firefighter
456,Reeba,Lesley,Reeba.Lesley@yopmail.com,Reeba.Lesley@gmail.com,firefighter
457,Janenna,Wooster,Janenna.Wooster@yopmail.com,Janenna.Wooster@gmail.com,worker
458,Ada,Madox,Ada.Madox@yopmail.com,Ada.Madox@gmail.com,developer
459,Cam,Raffo,Cam.Raffo@yopmail.com,Cam.Raffo@gmail.com,developer
460,Hayley,Cordi,Hayley.Cordi@yopmail.com,Hayley.Cordi@gmail.com,worker
461,Aurelie,Stoller,Aurelie.Stoller@yopmail.com,Aurelie.Stoller@gmail.com,firefighter
462,Penelopa,Hubert,Penelopa.Hubert@yopmail.com,Penelopa.Hubert@gmail.com,developer
463,Violet,Land,Violet.Land@yopmail.com,Violet.Land@gmail.com,worker
464,Charmaine,Cynar,Charmaine.Cynar@yopmail.com,Charmaine.Cynar@gmail.com,police officer
465,Raquela,Vittoria,Raquela.Vittoria@yopmail.com,Raquela.Vittoria@gmail.com,worker
466,Chandra,Dalli,Chandra.Dalli@yopmail.com,Chandra.Dalli@gmail.com,doctor
467,Lynde,Geffner,Lynde.Geffner@yopmail.com,Lynde.Geffner@gmail.com,police officer
468,Almeta,Morrill,Almeta.Morrill@yopmail.com,Almeta.Morrill@gmail.com,doctor
469,Verla,Juan,Verla.Juan@yopmail.com,Verla.Juan@gmail.com,worker
470,Celestyna,Idelia,Celestyna.Idelia@yopmail.com,Celestyna.Idelia@gmail.com,developer
471,Ivett,Jalbert,Ivett.Jalbert@yopmail.com,Ivett.Jalbert@gmail.com,firefighter
472,Tilly,Tiffa,Tilly.Tiffa@yopmail.com,Tilly.Tiffa@gmail.com,firefighter
473,Sharai,Hewitt,Sharai.Hewitt@yopmail.com,Sharai.Hewitt@gmail.com,developer
474,Rhea,Genna,Rhea.Genna@yopmail.com,Rhea.Genna@gmail.com,worker
475,Dari,Alva,Dari.Alva@yopmail.com,Dari.Alva@gmail.com,firefighter
476,Tonia,Vacuva,Tonia.Vacuva@yopmail.com,Tonia.Vacuva@gmail.com,firefighter
477,Kelly,Chem,Kelly.Chem@yopmail.com,Kelly.Chem@gmail.com,doctor
478,Maisey,Maiah,Maisey.Maiah@yopmail.com,Maisey.Maiah@gmail.com,firefighter
479,Gabi,Dielu,Gabi.Dielu@yopmail.com,Gabi.Dielu@gmail.com,worker
480,Linzy,Ehrman,Linzy.Ehrman@yopmail.com,Linzy.Ehrman@gmail.com,worker
481,Suzette,Therine,Suzette.Therine@yopmail.com,Suzette.Therine@gmail.com,worker
482,Romona,Ashok,Romona.Ashok@yopmail.com,Romona.Ashok@gmail.com,firefighter
483,Corry,Brian,Corry.Brian@yopmail.com,Corry.Brian@gmail.com,police officer
484,Allyce,Anton,Allyce.Anton@yopmail.com,Allyce.Anton@gmail.com,police officer
485,Leia,Carlson,Leia.Carlson@yopmail.com,Leia.Carlson@gmail.com,doctor
486,Netty,Magdalen,Netty.Magdalen@yopmail.com,Netty.Magdalen@gmail.com,worker
487,Morganica,Koehler,Morganica.Koehler@yopmail.com,Morganica.Koehler@gmail.com,doctor
488,Kellen,Lowry,Kellen.Lowry@yopmail.com,Kellen.Lowry@gmail.com,developer
489,Arabel,Heidt,Arabel.Heidt@yopmail.com,Arabel.Heidt@gmail.com,police officer
490,Melanie,Grobe,Melanie.Grobe@yopmail.com,Melanie.Grobe@gmail.com,police officer
491,Eugine,Suanne,Eugine.Suanne@yopmail.com,Eugine.Suanne@gmail.com,police officer
492,Dulce,Skell,Dulce.Skell@yopmail.com,Dulce.Skell@gmail.com,firefighter
493,Siana,Daniele,Siana.Daniele@yopmail.com,Siana.Daniele@gmail.com,police officer
494,Lonnie,Leifeste,Lonnie.Leifeste@yopmail.com,Lonnie.Leifeste@gmail.com,worker
495,Doro,Faust,Doro.Faust@yopmail.com,Doro.Faust@gmail.com,firefighter
496,Clementine,Ralfston,Clementine.Ralfston@yopmail.com,Clementine.Ralfston@gmail.com,doctor
497,Orelia,Tayib,Orelia.Tayib@yopmail.com,Orelia.Tayib@gmail.com,developer
498,Betta,Felizio,Betta.Felizio@yopmail.com,Betta.Felizio@gmail.com,developer
499,Anthia,Hunfredo,Anthia.Hunfredo@yopmail.com,Anthia.Hunfredo@gmail.com,worker
500,Meriel,Demitria,Meriel.Demitria@yopmail.com,Meriel.Demitria@gmail.com,police officer
501,Josephine,Sallyann,Josephine.Sallyann@yopmail.com,Josephine.Sallyann@gmail.com,police officer
502,Mary,Lea,Mary.Lea@yopmail.com,Mary.Lea@gmail.com,firefighter
503,Shirlee,Soneson,Shirlee.Soneson@yopmail.com,Shirlee.Soneson@gmail.com,police officer
504,Peri,Lail,Peri.Lail@yopmail.com,Peri.Lail@gmail.com,worker
505,Minne,Ortrude,Minne.Ortrude@yopmail.com,Minne.Ortrude@gmail.com,police officer
506,Aubrie,Christal,Aubrie.Christal@yopmail.com,Aubrie.Christal@gmail.com,developer
507,Melodie,Himelman,Melodie.Himelman@yopmail.com,Melodie.Himelman@gmail.com,worker
508,Melisent,Ilka,Melisent.Ilka@yopmail.com,Melisent.Ilka@gmail.com,worker
509,Yvonne,Mike,Yvonne.Mike@yopmail.com,Yvonne.Mike@gmail.com,doctor
510,Fredericka,Loleta,Fredericka.Loleta@yopmail.com,Fredericka.Loleta@gmail.com,doctor
511,Fred,Zetta,Fred.Zetta@yopmail.com,Fred.Zetta@gmail.com,firefighter
512,Donetta,Flita,Donetta.Flita@yopmail.com,Donetta.Flita@gmail.com,developer
513,Dianemarie,Phaidra,Dianemarie.Phaidra@yopmail.com,Dianemarie.Phaidra@gmail.com,police officer
514,Konstance,Leler,Konstance.Leler@yopmail.com,Konstance.Leler@gmail.com,doctor
515,Carly,Chabot,Carly.Chabot@yopmail.com,Carly.Chabot@gmail.com,worker
516,Jorry,Trace,Jorry.Trace@yopmail.com,Jorry.Trace@gmail.com,police officer
517,Nyssa,Lanita,Nyssa.Lanita@yopmail.com,Nyssa.Lanita@gmail.com,police officer
518,Cassandra,Israeli,Cassandra.Israeli@yopmail.com,Cassandra.Israeli@gmail.com,doctor
519,Peri,Mauer,Peri.Mauer@yopmail.com,Peri.Mauer@gmail.com,doctor
520,Cassondra,Daegal,Cassondra.Daegal@yopmail.com,Cassondra.Daegal@gmail.com,firefighter
521,Cyndie,Magnolia,Cyndie.Magnolia@yopmail.com,Cyndie.Magnolia@gmail.com,developer
522,Riannon,Lay,Riannon.Lay@yopmail.com,Riannon.Lay@gmail.com,developer
523,Rosaline,Anastatius,Rosaline.Anastatius@yopmail.com,Rosaline.Anastatius@gmail.com,developer
524,Estell,Thunell,Estell.Thunell@yopmail.com,Estell.Thunell@gmail.com,worker
525,Kimberley,Dyche,Kimberley.Dyche@yopmail.com,Kimberley.Dyche@gmail.com,developer
526,Laurene,Tyson,Laurene.Tyson@yopmail.com,Laurene.Tyson@gmail.com,developer
527,Lanna,Niccolo,Lanna.Niccolo@yopmail.com,Lanna.Niccolo@gmail.com,police officer
528,Sean,Darian,Sean.Darian@yopmail.com,Sean.Darian@gmail.com,doctor
529,Stephanie,Bandeen,Stephanie.Bandeen@yopmail.com,Stephanie.Bandeen@gmail.com,police officer
530,Marjie,Diann,Marjie.Diann@yopmail.com,Marjie.Diann@gmail.com,police officer
531,Tracey,McClimans,Tracey.McClimans@yopmail.com,Tracey.McClimans@gmail.com,firefighter
532,Mildrid,Casimir,Mildrid.Casimir@yopmail.com,Mildrid.Casimir@gmail.com,doctor
533,Livvyy,Brady,Livvyy.Brady@yopmail.com,Livvyy.Brady@gmail.com,firefighter
534,Meg,Bach,Meg.Bach@yopmail.com,Meg.Bach@gmail.com,developer
535,Shaylyn,Celestine,Shaylyn.Celestine@yopmail.com,Shaylyn.Celestine@gmail.com,police officer
536,Blake,Gilbertson,Blake.Gilbertson@yopmail.com,Blake.Gilbertson@gmail.com,developer
537,Catrina,Blake,Catrina.Blake@yopmail.com,Catrina.Blake@gmail.com,firefighter
538,Almeta,Ammann,Almeta.Ammann@yopmail.com,Almeta.Ammann@gmail.com,firefighter
539,Di,Gibbeon,Di.Gibbeon@yopmail.com,Di.Gibbeon@gmail.com,doctor
540,Fernande,Mendez,Fernande.Mendez@yopmail.com,Fernande.Mendez@gmail.com,police officer
541,Sashenka,Meter,Sashenka.Meter@yopmail.com,Sashenka.Meter@gmail.com,police officer
542,Adriana,Jacobah,Adriana.Jacobah@yopmail.com,Adriana.Jacobah@gmail.com,firefighter
543,Aigneis,Frendel,Aigneis.Frendel@yopmail.com,Aigneis.Frendel@gmail.com,worker
544,Alia,Sprage,Alia.Sprage@yopmail.com,Alia.Sprage@gmail.com,doctor
545,Lily,Gale,Lily.Gale@yopmail.com,Lily.Gale@gmail.com,worker
546,Ashlee,Marden,Ashlee.Marden@yopmail.com,Ashlee.Marden@gmail.com,worker
547,Sara-Ann,Kinnard,Sara-Ann.Kinnard@yopmail.com,Sara-Ann.Kinnard@gmail.com,developer
548,Arlena,Tyson,Arlena.Tyson@yopmail.com,Arlena.Tyson@gmail.com,worker
549,Tilly,Wooster,Tilly.Wooster@yopmail.com,Tilly.Wooster@gmail.com,firefighter
550,Gerrie,Medrek,Gerrie.Medrek@yopmail.com,Gerrie.Medrek@gmail.com,firefighter
551,Chrystel,Tomasina,Chrystel.Tomasina@yopmail.com,Chrystel.Tomasina@gmail.com,firefighter
552,Rosaline,Adalbert,Rosaline.Adalbert@yopmail.com,Rosaline.Adalbert@gmail.com,developer
553,Malina,Mathilde,Malina.Mathilde@yopmail.com,Malina.Mathilde@gmail.com,doctor
554,Lila,Odell,Lila.Odell@yopmail.com,Lila.Odell@gmail.com,firefighter
555,Sonni,Toor,Sonni.Toor@yopmail.com,Sonni.Toor@gmail.com,doctor
556,Almeta,Ramona,Almeta.Ramona@yopmail.com,Almeta.Ramona@gmail.com,worker
557,Marti,Nance,Marti.Nance@yopmail.com,Marti.Nance@gmail.com,doctor
558,Zondra,Richers,Zondra.Richers@yopmail.com,Zondra.Richers@gmail.com,firefighter
559,Letizia,Bevin,Letizia.Bevin@yopmail.com,Letizia.Bevin@gmail.com,police officer
560,Gui,Cecile,Gui.Cecile@yopmail.com,Gui.Cecile@gmail.com,worker
561,Oona,Alva,Oona.Alva@yopmail.com,Oona.Alva@gmail.com,developer
562,Hollie,Drus,Hollie.Drus@yopmail.com,Hollie.Drus@gmail.com,firefighter
563,Norine,Marden,Norine.Marden@yopmail.com,Norine.Marden@gmail.com,firefighter
564,Janey,Agle,Janey.Agle@yopmail.com,Janey.Agle@gmail.com,developer
565,Cherrita,Flyn,Cherrita.Flyn@yopmail.com,Cherrita.Flyn@gmail.com,police officer
566,Ronna,Billye,Ronna.Billye@yopmail.com,Ronna.Billye@gmail.com,worker
567,Nariko,My,Nariko.My@yopmail.com,Nariko.My@gmail.com,police officer
568,Meghann,Holtz,Meghann.Holtz@yopmail.com,Meghann.Holtz@gmail.com,doctor
569,Kalina,Tannie,Kalina.Tannie@yopmail.com,Kalina.Tannie@gmail.com,firefighter
570,Melisent,Fadiman,Melisent.Fadiman@yopmail.com,Melisent.Fadiman@gmail.com,worker
571,Gusella,Lutero,Gusella.Lutero@yopmail.com,Gusella.Lutero@gmail.com,doctor
572,Jsandye,Briney,Jsandye.Briney@yopmail.com,Jsandye.Briney@gmail.com,police officer
573,Mariann,Cohdwell,Mariann.Cohdwell@yopmail.com,Mariann.Cohdwell@gmail.com,police officer
574,Carmencita,Trey,Carmencita.Trey@yopmail.com,Carmencita.Trey@gmail.com,police officer
575,Noelle,Suanne,Noelle.Suanne@yopmail.com,Noelle.Suanne@gmail.com,developer
576,Kate,Pyle,Kate.Pyle@yopmail.com,Kate.Pyle@gmail.com,firefighter
577,Brooks,Ricki,Brooks.Ricki@yopmail.com,Brooks.Ricki@gmail.com,firefighter
578,Farrah,Milson,Farrah.Milson@yopmail.com,Farrah.Milson@gmail.com,police officer
579,Reeba,Loring,Reeba.Loring@yopmail.com,Reeba.Loring@gmail.com,police officer
580,Christal,Zina,Christal.Zina@yopmail.com,Christal.Zina@gmail.com,developer
581,Carmela,Federica,Carmela.Federica@yopmail.com,Carmela.Federica@gmail.com,firefighter
582,Amalie,Gombach,Amalie.Gombach@yopmail.com,Amalie.Gombach@gmail.com,police officer
583,Caritta,Vastah,Caritta.Vastah@yopmail.com,Caritta.Vastah@gmail.com,doctor
584,Brandise,Greyson,Brandise.Greyson@yopmail.com,Brandise.Greyson@gmail.com,firefighter
585,Concettina,Vivle,Concettina.Vivle@yopmail.com,Concettina.Vivle@gmail.com,worker
586,Vere,Mata,Vere.Mata@yopmail.com,Vere.Mata@gmail.com,firefighter
587,Celene,Lalitta,Celene.Lalitta@yopmail.com,Celene.Lalitta@gmail.com,police officer
588,Annabela,Vins,Annabela.Vins@yopmail.com,Annabela.Vins@gmail.com,doctor
589,Ileana,Montgomery,Ileana.Montgomery@yopmail.com,Ileana.Montgomery@gmail.com,worker
590,Tiffie,Dunkin,Tiffie.Dunkin@yopmail.com,Tiffie.Dunkin@gmail.com,doctor
591,Korrie,Kendrick,Korrie.Kendrick@yopmail.com,Korrie.Kendrick@gmail.com,worker
592,Hyacinthe,Docilla,Hyacinthe.Docilla@yopmail.com,Hyacinthe.Docilla@gmail.com,police officer
593,Joleen,Harl,Joleen.Harl@yopmail.com,Joleen.Harl@gmail.com,worker
594,Nadine,Toni,Nadine.Toni@yopmail.com,Nadine.Toni@gmail.com,doctor
595,Ana,Gibbeon,Ana.Gibbeon@yopmail.com,Ana.Gibbeon@gmail.com,police officer
596,Brandise,Durante,Brandise.Durante@yopmail.com,Brandise.Durante@gmail.com,developer
597,Kayla,McLaughlin,Kayla.McLaughlin@yopmail.com,Kayla.McLaughlin@gmail.com,developer
598,Eolanda,Allina,Eolanda.Allina@yopmail.com,Eolanda.Allina@gmail.com,firefighter
599,Madalyn,Velick,Madalyn.Velick@yopmail.com,Madalyn.Velick@gmail.com,firefighter
600,Malina,Abernon,Malina.Abernon@yopmail.com,Malina.Abernon@gmail.com,firefighter
601,Merci,Santoro,Merci.Santoro@yopmail.com,Merci.Santoro@gmail.com,police officer
602,Kylynn,Candy,Kylynn.Candy@yopmail.com,Kylynn.Candy@gmail.com,firefighter
603,Mellicent,Gamaliel,Mellicent.Gamaliel@yopmail.com,Mellicent.Gamaliel@gmail.com,doctor
604,Atlanta,Jalbert,Atlanta.Jalbert@yopmail.com,Atlanta.Jalbert@gmail.com,worker
605,Calla,Randene,Calla.Randene@yopmail.com,Calla.Randene@gmail.com,police officer
606,Cristine,Isidore,Cristine.Isidore@yopmail.com,Cristine.Isidore@gmail.com,worker
607,Jacenta,Boycey,Jacenta.Boycey@yopmail.com,Jacenta.Boycey@gmail.com,worker
608,Addia,Jobi,Addia.Jobi@yopmail.com,Addia.Jobi@gmail.com,firefighter
609,Michaelina,Sadowski,Michaelina.Sadowski@yopmail.com,Michaelina.Sadowski@gmail.com,doctor
610,Adriana,Azeria,Adriana.Azeria@yopmail.com,Adriana.Azeria@gmail.com,developer
611,Justinn,Hortensia,Justinn.Hortensia@yopmail.com,Justinn.Hortensia@gmail.com,firefighter
612,Flory,Goth,Flory.Goth@yopmail.com,Flory.Goth@gmail.com,firefighter
613,Krystle,Eliathas,Krystle.Eliathas@yopmail.com,Krystle.Eliathas@gmail.com,police officer
614,Mireielle,Jena,Mireielle.Jena@yopmail.com,Mireielle.Jena@gmail.com,worker
615,Deedee,Kaete,Deedee.Kaete@yopmail.com,Deedee.Kaete@gmail.com,worker
616,Lizzie,Pettiford,Lizzie.Pettiford@yopmail.com,Lizzie.Pettiford@gmail.com,police officer
617,Hallie,Lytton,Hallie.Lytton@yopmail.com,Hallie.Lytton@gmail.com,developer
618,Pierette,Erb,Pierette.Erb@yopmail.com,Pierette.Erb@gmail.com,police officer
619,Noelle,Seumas,Noelle.Seumas@yopmail.com,Noelle.Seumas@gmail.com,police officer
620,Angelique,Roche,Angelique.Roche@yopmail.com,Angelique.Roche@gmail.com,developer
621,Allis,Arvo,Allis.Arvo@yopmail.com,Allis.Arvo@gmail.com,firefighter
622,Dianemarie,Secrest,Dianemarie.Secrest@yopmail.com,Dianemarie.Secrest@gmail.com,developer
623,Riannon,Tacye,Riannon.Tacye@yopmail.com,Riannon.Tacye@gmail.com,firefighter
624,Olwen,Blase,Olwen.Blase@yopmail.com,Olwen.Blase@gmail.com,developer
625,Alyda,Gino,Alyda.Gino@yopmail.com,Alyda.Gino@gmail.com,police officer
626,Trixi,Chandler,Trixi.Chandler@yopmail.com,Trixi.Chandler@gmail.com,firefighter
627,Vinita,Montgomery,Vinita.Montgomery@yopmail.com,Vinita.Montgomery@gmail.com,worker
628,Fanchon,Orlene,Fanchon.Orlene@yopmail.com,Fanchon.Orlene@gmail.com,doctor
629,Kara-Lynn,Ciro,Kara-Lynn.Ciro@yopmail.com,Kara-Lynn.Ciro@gmail.com,doctor
630,Ethel,Garlinda,Ethel.Garlinda@yopmail.com,Ethel.Garlinda@gmail.com,firefighter
631,Gilligan,Greyson,Gilligan.Greyson@yopmail.com,Gilligan.Greyson@gmail.com,worker
632,Bernie,Maurine,Bernie.Maurine@yopmail.com,Bernie.Maurine@gmail.com,developer
633,Mariann,Tamar,Mariann.Tamar@yopmail.com,Mariann.Tamar@gmail.com,police officer
634,Etta,Sigfrid,Etta.Sigfrid@yopmail.com,Etta.Sigfrid@gmail.com,doctor
635,Elbertina,Erskine,Elbertina.Erskine@yopmail.com,Elbertina.Erskine@gmail.com,police officer
636,Taffy,Richers,Taffy.Richers@yopmail.com,Taffy.Richers@gmail.com,police officer
637,Gilda,Corrine,Gilda.Corrine@yopmail.com,Gilda.Corrine@gmail.com,worker
638,Deloria,Karl,Deloria.Karl@yopmail.com,Deloria.Karl@gmail.com,developer
639,Aeriela,Vernier,Aeriela.Vernier@yopmail.com,Aeriela.Vernier@gmail.com,developer
640,Flory,Raama,Flory.Raama@yopmail.com,Flory.Raama@gmail.com,firefighter
641,Kore,Hollingsworth,Kore.Hollingsworth@yopmail.com,Kore.Hollingsworth@gmail.com,doctor
642,Gabriellia,Lacombe,Gabriellia.Lacombe@yopmail.com,Gabriellia.Lacombe@gmail.com,worker
643,Marylou,Mallon,Marylou.Mallon@yopmail.com,Marylou.Mallon@gmail.com,developer
644,Mamie,Rese,Mamie.Rese@yopmail.com,Mamie.Rese@gmail.com,worker
645,Jenilee,Lory,Jenilee.Lory@yopmail.com,Jenilee.Lory@gmail.com,worker
646,Leanna,Primalia,Leanna.Primalia@yopmail.com,Leanna.Primalia@gmail.com,developer
647,Clo,Yate,Clo.Yate@yopmail.com,Clo.Yate@gmail.com,worker
648,Meg,Ammann,Meg.Ammann@yopmail.com,Meg.Ammann@gmail.com,firefighter
649,Gloria,Wenda,Gloria.Wenda@yopmail.com,Gloria.Wenda@gmail.com,worker
650,Marnia,Vernier,Marnia.Vernier@yopmail.com,Marnia.Vernier@gmail.com,firefighter
651,Lynnea,Stefa,Lynnea.Stefa@yopmail.com,Lynnea.Stefa@gmail.com,developer
652,Kimberley,Lenny,Kimberley.Lenny@yopmail.com,Kimberley.Lenny@gmail.com,worker
653,Laurene,Tryck,Laurene.Tryck@yopmail.com,Laurene.Tryck@gmail.com,worker
654,Kalina,Bobbee,Kalina.Bobbee@yopmail.com,Kalina.Bobbee@gmail.com,police officer
655,Gaylene,Cristi,Gaylene.Cristi@yopmail.com,Gaylene.Cristi@gmail.com,worker
656,Helena,Bibi,Helena.Bibi@yopmail.com,Helena.Bibi@gmail.com,worker
657,Bobbi,Helve,Bobbi.Helve@yopmail.com,Bobbi.Helve@gmail.com,worker
658,Lilith,Boehike,Lilith.Boehike@yopmail.com,Lilith.Boehike@gmail.com,worker
659,Tami,Raul,Tami.Raul@yopmail.com,Tami.Raul@gmail.com,doctor
660,Peri,Heidt,Peri.Heidt@yopmail.com,Peri.Heidt@gmail.com,developer
661,Quintina,Craggie,Quintina.Craggie@yopmail.com,Quintina.Craggie@gmail.com,doctor
662,Judy,Goddard,Judy.Goddard@yopmail.com,Judy.Goddard@gmail.com,worker
663,Sabina,Sharl,Sabina.Sharl@yopmail.com,Sabina.Sharl@gmail.com,developer
664,Giustina,Martsen,Giustina.Martsen@yopmail.com,Giustina.Martsen@gmail.com,worker
665,Andree,Friede,Andree.Friede@yopmail.com,Andree.Friede@gmail.com,developer
666,Constance,Neils,Constance.Neils@yopmail.com,Constance.Neils@gmail.com,police officer
667,Myriam,Tiffa,Myriam.Tiffa@yopmail.com,Myriam.Tiffa@gmail.com,police officer
668,Brietta,Ciapas,Brietta.Ciapas@yopmail.com,Brietta.Ciapas@gmail.com,firefighter
669,Carmela,Nicoline,Carmela.Nicoline@yopmail.com,Carmela.Nicoline@gmail.com,doctor
670,Sarette,Johnsson,Sarette.Johnsson@yopmail.com,Sarette.Johnsson@gmail.com,worker
671,Britte,Mitzi,Britte.Mitzi@yopmail.com,Britte.Mitzi@gmail.com,firefighter
672,Kirbee,Kesley,Kirbee.Kesley@yopmail.com,Kirbee.Kesley@gmail.com,worker
673,Alisha,Suanne,Alisha.Suanne@yopmail.com,Alisha.Suanne@gmail.com,firefighter
674,Cassondra,Boehike,Cassondra.Boehike@yopmail.com,Cassondra.Boehike@gmail.com,police officer
675,Celisse,Gunn,Celisse.Gunn@yopmail.com,Celisse.Gunn@gmail.com,developer
676,Sissy,Therine,Sissy.Therine@yopmail.com,Sissy.Therine@gmail.com,developer
677,Karina,Seagraves,Karina.Seagraves@yopmail.com,Karina.Seagraves@gmail.com,worker
678,Corry,Tiffa,Corry.Tiffa@yopmail.com,Corry.Tiffa@gmail.com,developer
679,Marita,Charity,Marita.Charity@yopmail.com,Marita.Charity@gmail.com,firefighter
680,Ekaterina,Wilkinson,Ekaterina.Wilkinson@yopmail.com,Ekaterina.Wilkinson@gmail.com,doctor
681,Aigneis,Niccolo,Aigneis.Niccolo@yopmail.com,Aigneis.Niccolo@gmail.com,developer
682,Ana,Montgomery,Ana.Montgomery@yopmail.com,Ana.Montgomery@gmail.com,developer
683,Caressa,Aurelio,Caressa.Aurelio@yopmail.com,Caressa.Aurelio@gmail.com,police officer
684,Flory,Berne,Flory.Berne@yopmail.com,Flory.Berne@gmail.com,doctor
685,Lucy,Adlare,Lucy.Adlare@yopmail.com,Lucy.Adlare@gmail.com,worker
686,Deloria,Vary,Deloria.Vary@yopmail.com,Deloria.Vary@gmail.com,firefighter
687,Lanae,Amand,Lanae.Amand@yopmail.com,Lanae.Amand@gmail.com,doctor
688,Georgetta,McAdams,Georgetta.McAdams@yopmail.com,Georgetta.McAdams@gmail.com,police officer
689,Shaylyn,Truc,Shaylyn.Truc@yopmail.com,Shaylyn.Truc@gmail.com,doctor
690,Aurelie,Croix,Aurelie.Croix@yopmail.com,Aurelie.Croix@gmail.com,doctor
691,Vonny,Campball,Vonny.Campball@yopmail.com,Vonny.Campball@gmail.com,police officer
692,Harmonia,Gahl,Harmonia.Gahl@yopmail.com,Harmonia.Gahl@gmail.com,police officer
693,Kerrin,Simmonds,Kerrin.Simmonds@yopmail.com,Kerrin.Simmonds@gmail.com,doctor
694,Mildrid,Gabrielli,Mildrid.Gabrielli@yopmail.com,Mildrid.Gabrielli@gmail.com,developer
695,Tilly,Yam,Tilly.Yam@yopmail.com,Tilly.Yam@gmail.com,developer
696,Jan,Noelyn,Jan.Noelyn@yopmail.com,Jan.Noelyn@gmail.com,doctor
697,Romona,Isacco,Romona.Isacco@yopmail.com,Romona.Isacco@gmail.com,doctor
698,Kimmy,Buffum,Kimmy.Buffum@yopmail.com,Kimmy.Buffum@gmail.com,worker
699,Angelique,Merna,Angelique.Merna@yopmail.com,Angelique.Merna@gmail.com,doctor
700,Karly,Tengdin,Karly.Tengdin@yopmail.com,Karly.Tengdin@gmail.com,worker
701,Lyssa,Oneida,Lyssa.Oneida@yopmail.com,Lyssa.Oneida@gmail.com,police officer
702,Justinn,Konyn,Justinn.Konyn@yopmail.com,Justinn.Konyn@gmail.com,developer
703,Zaria,Honoria,Zaria.Honoria@yopmail.com,Zaria.Honoria@gmail.com,doctor
704,Gaylene,Winthorpe,Gaylene.Winthorpe@yopmail.com,Gaylene.Winthorpe@gmail.com,doctor
705,Sibella,Bartlett,Sibella.Bartlett@yopmail.com,Sibella.Bartlett@gmail.com,doctor
706,Brana,Desai,Brana.Desai@yopmail.com,Brana.Desai@gmail.com,doctor
707,Tabbatha,Faso,Tabbatha.Faso@yopmail.com,Tabbatha.Faso@gmail.com,doctor
708,Gui,Desai,Gui.Desai@yopmail.com,Gui.Desai@gmail.com,worker
709,Ericka,Alfons,Ericka.Alfons@yopmail.com,Ericka.Alfons@gmail.com,firefighter
710,Inga,Phyllis,Inga.Phyllis@yopmail.com,Inga.Phyllis@gmail.com,police officer
711,Janey,Ashely,Janey.Ashely@yopmail.com,Janey.Ashely@gmail.com,developer
712,Dacia,Hazlett,Dacia.Hazlett@yopmail.com,Dacia.Hazlett@gmail.com,worker
713,Allis,Rona,Allis.Rona@yopmail.com,Allis.Rona@gmail.com,police officer
714,Roz,Tremayne,Roz.Tremayne@yopmail.com,Roz.Tremayne@gmail.com,firefighter
715,Flory,Donell,Flory.Donell@yopmail.com,Flory.Donell@gmail.com,doctor
716,Di,Capello,Di.Capello@yopmail.com,Di.Capello@gmail.com,worker
717,Georgetta,Gale,Georgetta.Gale@yopmail.com,Georgetta.Gale@gmail.com,developer
718,Lynnea,McCutcheon,Lynnea.McCutcheon@yopmail.com,Lynnea.McCutcheon@gmail.com,doctor
719,Carolina,Chem,Carolina.Chem@yopmail.com,Carolina.Chem@gmail.com,police officer
720,Lesly,Sibyls,Lesly.Sibyls@yopmail.com,Lesly.Sibyls@gmail.com,firefighter
721,Gretal,Marden,Gretal.Marden@yopmail.com,Gretal.Marden@gmail.com,developer
722,Mignon,Jacinda,Mignon.Jacinda@yopmail.com,Mignon.Jacinda@gmail.com,firefighter
723,Sallie,Bari,Sallie.Bari@yopmail.com,Sallie.Bari@gmail.com,police officer
724,Vita,Freddi,Vita.Freddi@yopmail.com,Vita.Freddi@gmail.com,developer
725,Harmonia,Pierette,Harmonia.Pierette@yopmail.com,Harmonia.Pierette@gmail.com,police officer
726,Larine,Merna,Larine.Merna@yopmail.com,Larine.Merna@gmail.com,doctor
727,Dode,Alfons,Dode.Alfons@yopmail.com,Dode.Alfons@gmail.com,doctor
728,Lelah,Newell,Lelah.Newell@yopmail.com,Lelah.Newell@gmail.com,police officer
729,Sophia,Adalbert,Sophia.Adalbert@yopmail.com,Sophia.Adalbert@gmail.com,developer
730,Adore,Nikaniki,Adore.Nikaniki@yopmail.com,Adore.Nikaniki@gmail.com,firefighter
731,Adelle,Honoria,Adelle.Honoria@yopmail.com,Adelle.Honoria@gmail.com,doctor
732,Gilligan,Breed,Gilligan.Breed@yopmail.com,Gilligan.Breed@gmail.com,worker
733,Priscilla,Bandeen,Priscilla.Bandeen@yopmail.com,Priscilla.Bandeen@gmail.com,police officer
734,Tabbatha,Chick,Tabbatha.Chick@yopmail.com,Tabbatha.Chick@gmail.com,firefighter
735,Lesly,Allina,Lesly.Allina@yopmail.com,Lesly.Allina@gmail.com,doctor
736,Melodie,Lasley,Melodie.Lasley@yopmail.com,Melodie.Lasley@gmail.com,firefighter
737,Dorothy,Bonucci,Dorothy.Bonucci@yopmail.com,Dorothy.Bonucci@gmail.com,developer
738,Beth,Gilbertson,Beth.Gilbertson@yopmail.com,Beth.Gilbertson@gmail.com,firefighter
739,Randa,Berard,Randa.Berard@yopmail.com,Randa.Berard@gmail.com,developer
740,Gusella,Kirstin,Gusella.Kirstin@yopmail.com,Gusella.Kirstin@gmail.com,developer
741,Emma,Saree,Emma.Saree@yopmail.com,Emma.Saree@gmail.com,firefighter
742,Gale,Truc,Gale.Truc@yopmail.com,Gale.Truc@gmail.com,worker
743,Lanae,Glovsky,Lanae.Glovsky@yopmail.com,Lanae.Glovsky@gmail.com,worker
744,Melina,Doig,Melina.Doig@yopmail.com,Melina.Doig@gmail.com,doctor
745,Frances,Byrne,Frances.Byrne@yopmail.com,Frances.Byrne@gmail.com,doctor
746,Loree,Catie,Loree.Catie@yopmail.com,Loree.Catie@gmail.com,worker
747,Abbie,Ariella,Abbie.Ariella@yopmail.com,Abbie.Ariella@gmail.com,developer
748,Mignon,Drus,Mignon.Drus@yopmail.com,Mignon.Drus@gmail.com,developer
749,Madeleine,Cassius,Madeleine.Cassius@yopmail.com,Madeleine.Cassius@gmail.com,firefighter
750,Cherrita,Faso,Cherrita.Faso@yopmail.com,Cherrita.Faso@gmail.com,firefighter
751,Marti,Thomasina,Marti.Thomasina@yopmail.com,Marti.Thomasina@gmail.com,firefighter
752,Heddie,An,Heddie.An@yopmail.com,Heddie.An@gmail.com,developer
753,Shell,Sidonius,Shell.Sidonius@yopmail.com,Shell.Sidonius@gmail.com,developer
754,Darci,Frendel,Darci.Frendel@yopmail.com,Darci.Frendel@gmail.com,police officer
755,Dania,Chick,Dania.Chick@yopmail.com,Dania.Chick@gmail.com,worker
756,Sandie,Agle,Sandie.Agle@yopmail.com,Sandie.Agle@gmail.com,police officer
757,Malina,Delila,Malina.Delila@yopmail.com,Malina.Delila@gmail.com,developer
758,Bernie,Joli,Bernie.Joli@yopmail.com,Bernie.Joli@gmail.com,worker
759,Esmeralda,Giule,Esmeralda.Giule@yopmail.com,Esmeralda.Giule@gmail.com,police officer
760,Louella,Alisia,Louella.Alisia@yopmail.com,Louella.Alisia@gmail.com,firefighter
761,Daryl,Flyn,Daryl.Flyn@yopmail.com,Daryl.Flyn@gmail.com,developer
762,Wileen,Ulphia,Wileen.Ulphia@yopmail.com,Wileen.Ulphia@gmail.com,firefighter
763,Bernardine,Maribeth,Bernardine.Maribeth@yopmail.com,Bernardine.Maribeth@gmail.com,developer
764,Perry,Jobi,Perry.Jobi@yopmail.com,Perry.Jobi@gmail.com,firefighter
765,Karlee,Seessel,Karlee.Seessel@yopmail.com,Karlee.Seessel@gmail.com,doctor
766,Fawne,My,Fawne.My@yopmail.com,Fawne.My@gmail.com,worker
767,Orsola,Merat,Orsola.Merat@yopmail.com,Orsola.Merat@gmail.com,police officer
768,Marsiella,Rudolph,Marsiella.Rudolph@yopmail.com,Marsiella.Rudolph@gmail.com,firefighter
769,Blake,Ahab,Blake.Ahab@yopmail.com,Blake.Ahab@gmail.com,police officer
770,Dennie,Cadmar,Dennie.Cadmar@yopmail.com,Dennie.Cadmar@gmail.com,worker
771,Max,Lasley,Max.Lasley@yopmail.com,Max.Lasley@gmail.com,firefighter
772,Deedee,Wyn,Deedee.Wyn@yopmail.com,Deedee.Wyn@gmail.com,worker
773,Ericka,Linehan,Ericka.Linehan@yopmail.com,Ericka.Linehan@gmail.com,police officer
774,Carmencita,Stevy,Carmencita.Stevy@yopmail.com,Carmencita.Stevy@gmail.com,police officer
775,Florie,Ethban,Florie.Ethban@yopmail.com,Florie.Ethban@gmail.com,worker
776,Camile,Lia,Camile.Lia@yopmail.com,Camile.Lia@gmail.com,doctor
777,Candy,Devlen,Candy.Devlen@yopmail.com,Candy.Devlen@gmail.com,police officer
778,Josephine,Cleo,Josephine.Cleo@yopmail.com,Josephine.Cleo@gmail.com,worker
779,Jacenta,Uird,Jacenta.Uird@yopmail.com,Jacenta.Uird@gmail.com,doctor
780,Minne,Joseph,Minne.Joseph@yopmail.com,Minne.Joseph@gmail.com,worker
781,Aimil,Gaulin,Aimil.Gaulin@yopmail.com,Aimil.Gaulin@gmail.com,police officer
782,Sharai,Bennie,Sharai.Bennie@yopmail.com,Sharai.Bennie@gmail.com,worker
783,Lyssa,Kelula,Lyssa.Kelula@yopmail.com,Lyssa.Kelula@gmail.com,firefighter
784,Lanae,Gemini,Lanae.Gemini@yopmail.com,Lanae.Gemini@gmail.com,firefighter
785,Etta,Teryn,Etta.Teryn@yopmail.com,Etta.Teryn@gmail.com,police officer
786,Letizia,Ezar,Letizia.Ezar@yopmail.com,Letizia.Ezar@gmail.com,police officer
787,Jsandye,Weitman,Jsandye.Weitman@yopmail.com,Jsandye.Weitman@gmail.com,developer
788,Nessie,Hamil,Nessie.Hamil@yopmail.com,Nessie.Hamil@gmail.com,police officer
789,Claresta,Durante,Claresta.Durante@yopmail.com,Claresta.Durante@gmail.com,worker
790,Morganica,Brotherson,Morganica.Brotherson@yopmail.com,Morganica.Brotherson@gmail.com,firefighter
791,Danny,Letsou,Danny.Letsou@yopmail.com,Danny.Letsou@gmail.com,worker
792,Ursulina,Hutchison,Ursulina.Hutchison@yopmail.com,Ursulina.Hutchison@gmail.com,developer
793,Eolanda,Shaddock,Eolanda.Shaddock@yopmail.com,Eolanda.Shaddock@gmail.com,developer
794,Reeba,Ries,Reeba.Ries@yopmail.com,Reeba.Ries@gmail.com,firefighter
795,Kylynn,Moina,Kylynn.Moina@yopmail.com,Kylynn.Moina@gmail.com,police officer
796,Dulce,Tiffa,Dulce.Tiffa@yopmail.com,Dulce.Tiffa@gmail.com,firefighter
797,Tarra,Claudine,Tarra.Claudine@yopmail.com,Tarra.Claudine@gmail.com,worker
798,Ashlee,Mayeda,Ashlee.Mayeda@yopmail.com,Ashlee.Mayeda@gmail.com,doctor
799,Theodora,Edee,Theodora.Edee@yopmail.com,Theodora.Edee@gmail.com,doctor
800,Willetta,Gombach,Willetta.Gombach@yopmail.com,Willetta.Gombach@gmail.com,worker
801,Paulita,Schenck,Paulita.Schenck@yopmail.com,Paulita.Schenck@gmail.com,police officer
802,Fredericka,Kirbee,Fredericka.Kirbee@yopmail.com,Fredericka.Kirbee@gmail.com,developer
803,Eugine,Rolf,Eugine.Rolf@yopmail.com,Eugine.Rolf@gmail.com,developer
804,Andree,Meli,Andree.Meli@yopmail.com,Andree.Meli@gmail.com,developer
805,Berta,Destinee,Berta.Destinee@yopmail.com,Berta.Destinee@gmail.com,doctor
806,Roberta,Llovera,Roberta.Llovera@yopmail.com,Roberta.Llovera@gmail.com,doctor
807,Cristine,Linskey,Cristine.Linskey@yopmail.com,Cristine.Linskey@gmail.com,developer
808,Brana,Sundin,Brana.Sundin@yopmail.com,Brana.Sundin@gmail.com,developer
809,Flo,Milde,Flo.Milde@yopmail.com,Flo.Milde@gmail.com,worker
810,Vinita,Greenwald,Vinita.Greenwald@yopmail.com,Vinita.Greenwald@gmail.com,worker
811,Babita,Corabella,Babita.Corabella@yopmail.com,Babita.Corabella@gmail.com,developer
812,Kimberley,Marcellus,Kimberley.Marcellus@yopmail.com,Kimberley.Marcellus@gmail.com,firefighter
813,Mariele,McClimans,Mariele.McClimans@yopmail.com,Mariele.McClimans@gmail.com,developer
814,Elka,Lea,Elka.Lea@yopmail.com,Elka.Lea@gmail.com,worker
815,Deirdre,Rogerio,Deirdre.Rogerio@yopmail.com,Deirdre.Rogerio@gmail.com,worker
816,Donetta,McGrody,Donetta.McGrody@yopmail.com,Donetta.McGrody@gmail.com,developer
817,Carree,Tremayne,Carree.Tremayne@yopmail.com,Carree.Tremayne@gmail.com,developer
818,Briney,Rogerio,Briney.Rogerio@yopmail.com,Briney.Rogerio@gmail.com,developer
819,Magdalena,Kronfeld,Magdalena.Kronfeld@yopmail.com,Magdalena.Kronfeld@gmail.com,worker
820,Beth,Zetta,Beth.Zetta@yopmail.com,Beth.Zetta@gmail.com,worker
821,Nicoli,Gwenore,Nicoli.Gwenore@yopmail.com,Nicoli.Gwenore@gmail.com,police officer
822,Marita,Iiette,Marita.Iiette@yopmail.com,Marita.Iiette@gmail.com,firefighter
823,Betta,Primalia,Betta.Primalia@yopmail.com,Betta.Primalia@gmail.com,worker
824,Eugine,My,Eugine.My@yopmail.com,Eugine.My@gmail.com,worker
825,Vivia,Brittani,Vivia.Brittani@yopmail.com,Vivia.Brittani@gmail.com,police officer
826,Jany,Woodberry,Jany.Woodberry@yopmail.com,Jany.Woodberry@gmail.com,doctor
827,Ulrike,Vorster,Ulrike.Vorster@yopmail.com,Ulrike.Vorster@gmail.com,developer
828,Myriam,Kelula,Myriam.Kelula@yopmail.com,Myriam.Kelula@gmail.com,worker
829,Mahalia,Elbertina,Mahalia.Elbertina@yopmail.com,Mahalia.Elbertina@gmail.com,police officer
830,Maisey,Ruvolo,Maisey.Ruvolo@yopmail.com,Maisey.Ruvolo@gmail.com,worker
831,Therine,Hazlett,Therine.Hazlett@yopmail.com,Therine.Hazlett@gmail.com,developer
832,Nicoli,Christal,Nicoli.Christal@yopmail.com,Nicoli.Christal@gmail.com,developer
833,Hayley,Trace,Hayley.Trace@yopmail.com,Hayley.Trace@gmail.com,worker
834,Libbie,Si,Libbie.Si@yopmail.com,Libbie.Si@gmail.com,police officer
835,Aubrie,Heidt,Aubrie.Heidt@yopmail.com,Aubrie.Heidt@gmail.com,doctor
836,Sue,Girardo,Sue.Girardo@yopmail.com,Sue.Girardo@gmail.com,developer
837,Lesly,Kolnick,Lesly.Kolnick@yopmail.com,Lesly.Kolnick@gmail.com,firefighter
838,Queenie,Bendick,Queenie.Bendick@yopmail.com,Queenie.Bendick@gmail.com,worker
839,Tierney,Crudden,Tierney.Crudden@yopmail.com,Tierney.Crudden@gmail.com,police officer
840,Eugine,Brenn,Eugine.Brenn@yopmail.com,Eugine.Brenn@gmail.com,worker
841,Judy,Garrison,Judy.Garrison@yopmail.com,Judy.Garrison@gmail.com,police officer
842,Estell,Vale,Estell.Vale@yopmail.com,Estell.Vale@gmail.com,firefighter
843,Luci,Pandolfi,Luci.Pandolfi@yopmail.com,Luci.Pandolfi@gmail.com,firefighter
844,Dyann,Knowling,Dyann.Knowling@yopmail.com,Dyann.Knowling@gmail.com,police officer
845,Darlleen,Carmena,Darlleen.Carmena@yopmail.com,Darlleen.Carmena@gmail.com,firefighter
846,Cyndie,Jefferey,Cyndie.Jefferey@yopmail.com,Cyndie.Jefferey@gmail.com,firefighter
847,Candi,Klemperer,Candi.Klemperer@yopmail.com,Candi.Klemperer@gmail.com,firefighter
848,Stacey,Winthorpe,Stacey.Winthorpe@yopmail.com,Stacey.Winthorpe@gmail.com,developer
849,Mathilda,Leifeste,Mathilda.Leifeste@yopmail.com,Mathilda.Leifeste@gmail.com,police officer
850,Nariko,Jillane,Nariko.Jillane@yopmail.com,Nariko.Jillane@gmail.com,firefighter
851,Siana,Juan,Siana.Juan@yopmail.com,Siana.Juan@gmail.com,doctor
852,Linzy,Evangelia,Linzy.Evangelia@yopmail.com,Linzy.Evangelia@gmail.com,firefighter
853,Raina,Ambrosia,Raina.Ambrosia@yopmail.com,Raina.Ambrosia@gmail.com,police officer
854,Charissa,Lay,Charissa.Lay@yopmail.com,Charissa.Lay@gmail.com,firefighter
855,Dode,Rurik,Dode.Rurik@yopmail.com,Dode.Rurik@gmail.com,worker
856,Melina,Donoghue,Melina.Donoghue@yopmail.com,Melina.Donoghue@gmail.com,worker
857,Arlina,Gahl,Arlina.Gahl@yopmail.com,Arlina.Gahl@gmail.com,firefighter
858,Ariela,Baptlsta,Ariela.Baptlsta@yopmail.com,Ariela.Baptlsta@gmail.com,doctor
859,Aurelie,Aprile,Aurelie.Aprile@yopmail.com,Aurelie.Aprile@gmail.com,worker
860,Krystle,Neils,Krystle.Neils@yopmail.com,Krystle.Neils@gmail.com,developer
861,Judy,Martsen,Judy.Martsen@yopmail.com,Judy.Martsen@gmail.com,doctor
862,Blondelle,Joseph,Blondelle.Joseph@yopmail.com,Blondelle.Joseph@gmail.com,worker
863,Jere,Wyn,Jere.Wyn@yopmail.com,Jere.Wyn@gmail.com,doctor
864,Aeriela,Egbert,Aeriela.Egbert@yopmail.com,Aeriela.Egbert@gmail.com,developer
865,Britni,Maroney,Britni.Maroney@yopmail.com,Britni.Maroney@gmail.com,police officer
866,Willetta,Hilbert,Willetta.Hilbert@yopmail.com,Willetta.Hilbert@gmail.com,worker
867,Ebonee,Faro,Ebonee.Faro@yopmail.com,Ebonee.Faro@gmail.com,police officer
868,Rubie,Sandye,Rubie.Sandye@yopmail.com,Rubie.Sandye@gmail.com,worker
869,Rubie,Callista,Rubie.Callista@yopmail.com,Rubie.Callista@gmail.com,doctor
870,Carly,Timon,Carly.Timon@yopmail.com,Carly.Timon@gmail.com,doctor
871,Jasmina,Loring,Jasmina.Loring@yopmail.com,Jasmina.Loring@gmail.com,worker
872,Charissa,Dowski,Charissa.Dowski@yopmail.com,Charissa.Dowski@gmail.com,doctor
873,Marinna,Orpah,Marinna.Orpah@yopmail.com,Marinna.Orpah@gmail.com,firefighter
874,Dode,Carey,Dode.Carey@yopmail.com,Dode.Carey@gmail.com,police officer
875,Penelopa,Hourigan,Penelopa.Hourigan@yopmail.com,Penelopa.Hourigan@gmail.com,worker
876,Beverley,Joni,Beverley.Joni@yopmail.com,Beverley.Joni@gmail.com,firefighter
877,Merci,Prober,Merci.Prober@yopmail.com,Merci.Prober@gmail.com,firefighter
878,Devina,Alisia,Devina.Alisia@yopmail.com,Devina.Alisia@gmail.com,police officer
879,Dianemarie,Tjon,Dianemarie.Tjon@yopmail.com,Dianemarie.Tjon@gmail.com,firefighter
880,Maye,Maiah,Maye.Maiah@yopmail.com,Maye.Maiah@gmail.com,developer
881,Margalo,Cosenza,Margalo.Cosenza@yopmail.com,Margalo.Cosenza@gmail.com,firefighter
882,Carilyn,Fosque,Carilyn.Fosque@yopmail.com,Carilyn.Fosque@gmail.com,developer
883,Loree,Mendez,Loree.Mendez@yopmail.com,Loree.Mendez@gmail.com,firefighter
884,Nikki,Dulciana,Nikki.Dulciana@yopmail.com,Nikki.Dulciana@gmail.com,doctor
885,Renae,Claudine,Renae.Claudine@yopmail.com,Renae.Claudine@gmail.com,developer
886,Gisela,Himelman,Gisela.Himelman@yopmail.com,Gisela.Himelman@gmail.com,developer
887,Adele,Markman,Adele.Markman@yopmail.com,Adele.Markman@gmail.com,doctor
888,Bibby,Philipp,Bibby.Philipp@yopmail.com,Bibby.Philipp@gmail.com,doctor
889,Stephanie,Ade,Stephanie.Ade@yopmail.com,Stephanie.Ade@gmail.com,doctor
890,Monika,McAdams,Monika.McAdams@yopmail.com,Monika.McAdams@gmail.com,developer
891,Mildrid,Buffum,Mildrid.Buffum@yopmail.com,Mildrid.Buffum@gmail.com,police officer
892,Trixi,Liebermann,Trixi.Liebermann@yopmail.com,Trixi.Liebermann@gmail.com,worker
893,Farrah,Chem,Farrah.Chem@yopmail.com,Farrah.Chem@gmail.com,developer
894,Dawn,Leffen,Dawn.Leffen@yopmail.com,Dawn.Leffen@gmail.com,doctor
895,Florencia,Nea,Florencia.Nea@yopmail.com,Florencia.Nea@gmail.com,developer
896,Di,Chrystel,Di.Chrystel@yopmail.com,Di.Chrystel@gmail.com,doctor
897,Gilda,Reidar,Gilda.Reidar@yopmail.com,Gilda.Reidar@gmail.com,worker
898,Hettie,Laurianne,Hettie.Laurianne@yopmail.com,Hettie.Laurianne@gmail.com,doctor
899,Audrie,Riordan,Audrie.Riordan@yopmail.com,Audrie.Riordan@gmail.com,police officer
900,Caritta,Old,Caritta.Old@yopmail.com,Caritta.Old@gmail.com,police officer
901,Charmaine,Nunci,Charmaine.Nunci@yopmail.com,Charmaine.Nunci@gmail.com,firefighter
902,Kayla,Amand,Kayla.Amand@yopmail.com,Kayla.Amand@gmail.com,developer
903,Hope,Cleo,Hope.Cleo@yopmail.com,Hope.Cleo@gmail.com,firefighter
904,Mariann,Middleton,Mariann.Middleton@yopmail.com,Mariann.Middleton@gmail.com,doctor
905,Lory,Gamaliel,Lory.Gamaliel@yopmail.com,Lory.Gamaliel@gmail.com,worker
906,Tina,Ries,Tina.Ries@yopmail.com,Tina.Ries@gmail.com,worker
907,Lizzie,Lattie,Lizzie.Lattie@yopmail.com,Lizzie.Lattie@gmail.com,worker
908,Reeba,Hortensia,Reeba.Hortensia@yopmail.com,Reeba.Hortensia@gmail.com,police officer
909,Averyl,Kannry,Averyl.Kannry@yopmail.com,Averyl.Kannry@gmail.com,police officer
910,Modestia,Egbert,Modestia.Egbert@yopmail.com,Modestia.Egbert@gmail.com,doctor
911,Bee,Creamer,Bee.Creamer@yopmail.com,Bee.Creamer@gmail.com,worker
912,Charmaine,Dosia,Charmaine.Dosia@yopmail.com,Charmaine.Dosia@gmail.com,worker
913,Odessa,Marijo,Odessa.Marijo@yopmail.com,Odessa.Marijo@gmail.com,developer
914,Maurene,Kelula,Maurene.Kelula@yopmail.com,Maurene.Kelula@gmail.com,police officer
915,Michaelina,Leary,Michaelina.Leary@yopmail.com,Michaelina.Leary@gmail.com,doctor
916,Violet,Pacorro,Violet.Pacorro@yopmail.com,Violet.Pacorro@gmail.com,police officer
917,Ida,Stelle,Ida.Stelle@yopmail.com,Ida.Stelle@gmail.com,doctor
918,Carolina,Carvey,Carolina.Carvey@yopmail.com,Carolina.Carvey@gmail.com,police officer
919,Linzy,Primalia,Linzy.Primalia@yopmail.com,Linzy.Primalia@gmail.com,police officer
920,Donnie,Tarrant,Donnie.Tarrant@yopmail.com,Donnie.Tarrant@gmail.com,worker
921,Candi,Devlen,Candi.Devlen@yopmail.com,Candi.Devlen@gmail.com,developer
922,Teddie,Hurley,Teddie.Hurley@yopmail.com,Teddie.Hurley@gmail.com,worker
923,Charmaine,Bari,Charmaine.Bari@yopmail.com,Charmaine.Bari@gmail.com,worker
924,Ofilia,Elephus,Ofilia.Elephus@yopmail.com,Ofilia.Elephus@gmail.com,police officer
925,Shauna,Ardra,Shauna.Ardra@yopmail.com,Shauna.Ardra@gmail.com,firefighter
926,Abbie,Mayeda,Abbie.Mayeda@yopmail.com,Abbie.Mayeda@gmail.com,police officer
927,Cassondra,Neva,Cassondra.Neva@yopmail.com,Cassondra.Neva@gmail.com,developer
928,Willetta,Carey,Willetta.Carey@yopmail.com,Willetta.Carey@gmail.com,worker
929,Loree,Docilla,Loree.Docilla@yopmail.com,Loree.Docilla@gmail.com,police officer
930,Myrtice,Ephrem,Myrtice.Ephrem@yopmail.com,Myrtice.Ephrem@gmail.com,doctor
931,Brandise,Berne,Brandise.Berne@yopmail.com,Brandise.Berne@gmail.com,worker
932,Collen,Khorma,Collen.Khorma@yopmail.com,Collen.Khorma@gmail.com,firefighter
933,Arlena,Selway,Arlena.Selway@yopmail.com,Arlena.Selway@gmail.com,worker
934,Roz,Sheng,Roz.Sheng@yopmail.com,Roz.Sheng@gmail.com,doctor
935,Katleen,Ortrude,Katleen.Ortrude@yopmail.com,Katleen.Ortrude@gmail.com,police officer
936,Marika,Anis,Marika.Anis@yopmail.com,Marika.Anis@gmail.com,doctor
937,Wynne,My,Wynne.My@yopmail.com,Wynne.My@gmail.com,worker
938,Modestia,Brenn,Modestia.Brenn@yopmail.com,Modestia.Brenn@gmail.com,developer
939,Vevay,Cressida,Vevay.Cressida@yopmail.com,Vevay.Cressida@gmail.com,developer
940,Nadine,Timon,Nadine.Timon@yopmail.com,Nadine.Timon@gmail.com,developer
941,Heddie,Dom,Heddie.Dom@yopmail.com,Heddie.Dom@gmail.com,doctor
942,Isa,Ardeha,Isa.Ardeha@yopmail.com,Isa.Ardeha@gmail.com,doctor
943,Georgetta,Cohdwell,Georgetta.Cohdwell@yopmail.com,Georgetta.Cohdwell@gmail.com,doctor
944,Merci,Hedve,Merci.Hedve@yopmail.com,Merci.Hedve@gmail.com,developer
945,Tiffie,Atcliffe,Tiffie.Atcliffe@yopmail.com,Tiffie.Atcliffe@gmail.com,developer
946,Raina,Croix,Raina.Croix@yopmail.com,Raina.Croix@gmail.com,firefighter
947,Yetty,Kinnard,Yetty.Kinnard@yopmail.com,Yetty.Kinnard@gmail.com,doctor
948,Jennica,Egbert,Jennica.Egbert@yopmail.com,Jennica.Egbert@gmail.com,police officer
949,Mureil,Gerge,Mureil.Gerge@yopmail.com,Mureil.Gerge@gmail.com,developer
950,Mellicent,Bury,Mellicent.Bury@yopmail.com,Mellicent.Bury@gmail.com,doctor
951,Eadie,Kronfeld,Eadie.Kronfeld@yopmail.com,Eadie.Kronfeld@gmail.com,worker
952,Hyacinthe,Fadiman,Hyacinthe.Fadiman@yopmail.com,Hyacinthe.Fadiman@gmail.com,firefighter
953,Gerianna,Gamaliel,Gerianna.Gamaliel@yopmail.com,Gerianna.Gamaliel@gmail.com,developer
954,Patricia,Destinee,Patricia.Destinee@yopmail.com,Patricia.Destinee@gmail.com,police officer
955,Edith,Sibyls,Edith.Sibyls@yopmail.com,Edith.Sibyls@gmail.com,worker
956,Therine,Minetta,Therine.Minetta@yopmail.com,Therine.Minetta@gmail.com,firefighter
957,Zia,Nicoline,Zia.Nicoline@yopmail.com,Zia.Nicoline@gmail.com,worker
958,Raf,Teryn,Raf.Teryn@yopmail.com,Raf.Teryn@gmail.com,worker
959,Charissa,Gamaliel,Charissa.Gamaliel@yopmail.com,Charissa.Gamaliel@gmail.com,developer
960,Nollie,Pelagias,Nollie.Pelagias@yopmail.com,Nollie.Pelagias@gmail.com,worker
961,Juliane,Pernick,Juliane.Pernick@yopmail.com,Juliane.Pernick@gmail.com,firefighter
962,Arlina,Brodench,Arlina.Brodench@yopmail.com,Arlina.Brodench@gmail.com,worker
963,Stephanie,Lynn,Stephanie.Lynn@yopmail.com,Stephanie.Lynn@gmail.com,firefighter
964,Natka,Woodberry,Natka.Woodberry@yopmail.com,Natka.Woodberry@gmail.com,police officer
965,Dari,Wyn,Dari.Wyn@yopmail.com,Dari.Wyn@gmail.com,developer
966,Althea,Holtz,Althea.Holtz@yopmail.com,Althea.Holtz@gmail.com,developer
967,Ira,Old,Ira.Old@yopmail.com,Ira.Old@gmail.com,worker
968,Myriam,Joachim,Myriam.Joachim@yopmail.com,Myriam.Joachim@gmail.com,police officer
969,Sandie,Thema,Sandie.Thema@yopmail.com,Sandie.Thema@gmail.com,police officer
970,Frances,Hachmin,Frances.Hachmin@yopmail.com,Frances.Hachmin@gmail.com,doctor
971,Amara,Baudin,Amara.Baudin@yopmail.com,Amara.Baudin@gmail.com,worker
972,Renae,Kristi,Renae.Kristi@yopmail.com,Renae.Kristi@gmail.com,developer
973,Sidoney,Sheedy,Sidoney.Sheedy@yopmail.com,Sidoney.Sheedy@gmail.com,doctor
974,Nananne,Konyn,Nananne.Konyn@yopmail.com,Nananne.Konyn@gmail.com,police officer
975,Aurore,Lesley,Aurore.Lesley@yopmail.com,Aurore.Lesley@gmail.com,worker
976,Brandise,Drus,Brandise.Drus@yopmail.com,Brandise.Drus@gmail.com,doctor
977,Keelia,Bartlett,Keelia.Bartlett@yopmail.com,Keelia.Bartlett@gmail.com,firefighter
978,Merle,Pozzy,Merle.Pozzy@yopmail.com,Merle.Pozzy@gmail.com,firefighter
979,Devina,Desai,Devina.Desai@yopmail.com,Devina.Desai@gmail.com,firefighter
980,Yetty,Joachim,Yetty.Joachim@yopmail.com,Yetty.Joachim@gmail.com,worker
981,Alexine,Brodench,Alexine.Brodench@yopmail.com,Alexine.Brodench@gmail.com,firefighter
982,Ekaterina,Hazlett,Ekaterina.Hazlett@yopmail.com,Ekaterina.Hazlett@gmail.com,firefighter
983,Lulita,Erskine,Lulita.Erskine@yopmail.com,Lulita.Erskine@gmail.com,doctor
984,Cyndie,Abram,Cyndie.Abram@yopmail.com,Cyndie.Abram@gmail.com,doctor
985,Monika,My,Monika.My@yopmail.com,Monika.My@gmail.com,developer
986,Kristina,Podvin,Kristina.Podvin@yopmail.com,Kristina.Podvin@gmail.com,worker
987,Leona,Berl,Leona.Berl@yopmail.com,Leona.Berl@gmail.com,worker
988,Nita,Carlson,Nita.Carlson@yopmail.com,Nita.Carlson@gmail.com,police officer
989,Rhea,Bertold,Rhea.Bertold@yopmail.com,Rhea.Bertold@gmail.com,developer
990,Ardys,Hillel,Ardys.Hillel@yopmail.com,Ardys.Hillel@gmail.com,developer
991,Kamilah,Mallon,Kamilah.Mallon@yopmail.com,Kamilah.Mallon@gmail.com,developer
992,Roxane,Dominy,Roxane.Dominy@yopmail.com,Roxane.Dominy@gmail.com,developer
993,Merle,Diogenes,Merle.Diogenes@yopmail.com,Merle.Diogenes@gmail.com,doctor
994,Lucille,Harl,Lucille.Harl@yopmail.com,Lucille.Harl@gmail.com,police officer
995,Millie,Ellord,Millie.Ellord@yopmail.com,Millie.Ellord@gmail.com,police officer
996,Gusty,Florina,Gusty.Florina@yopmail.com,Gusty.Florina@gmail.com,police officer
997,Hayley,Noman,Hayley.Noman@yopmail.com,Hayley.Noman@gmail.com,firefighter
998,Bernardine,Dudley,Bernardine.Dudley@yopmail.com,Bernardine.Dudley@gmail.com,developer
999,Debee,Pettiford,Debee.Pettiford@yopmail.com,Debee.Pettiford@gmail.com,doctor
1000,Sheelagh,Lytton,Sheelagh.Lytton@yopmail.com,Sheelagh.Lytton@gmail.com,worker
1001,Melina,Harriman,Melina.Harriman@yopmail.com,Melina.Harriman@gmail.com,firefighter
1002,Andree,Marcellus,Andree.Marcellus@yopmail.com,Andree.Marcellus@gmail.com,worker
1003,Gratia,Ciro,Gratia.Ciro@yopmail.com,Gratia.Ciro@gmail.com,developer
1004,Fina,Whiffen,Fina.Whiffen@yopmail.com,Fina.Whiffen@gmail.com,worker
1005,Beth,Kimmie,Beth.Kimmie@yopmail.com,Beth.Kimmie@gmail.com,firefighter
1006,Celene,Emerson,Celene.Emerson@yopmail.com,Celene.Emerson@gmail.com,police officer
1007,Lelah,Dorothy,Lelah.Dorothy@yopmail.com,Lelah.Dorothy@gmail.com,firefighter
1008,Jenda,My,Jenda.My@yopmail.com,Jenda.My@gmail.com,firefighter
1009,Zia,Lasley,Zia.Lasley@yopmail.com,Zia.Lasley@gmail.com,developer
1010,Zondra,Strephon,Zondra.Strephon@yopmail.com,Zondra.Strephon@gmail.com,worker
1011,Tobe,Duwalt,Tobe.Duwalt@yopmail.com,Tobe.Duwalt@gmail.com,doctor
1012,Lusa,Girardo,Lusa.Girardo@yopmail.com,Lusa.Girardo@gmail.com,police officer
1013,Kary,Diann,Kary.Diann@yopmail.com,Kary.Diann@gmail.com,worker
1014,Gwyneth,Bearnard,Gwyneth.Bearnard@yopmail.com,Gwyneth.Bearnard@gmail.com,worker
1015,Lynnea,Creamer,Lynnea.Creamer@yopmail.com,Lynnea.Creamer@gmail.com,worker
1016,Giustina,Bashemeth,Giustina.Bashemeth@yopmail.com,Giustina.Bashemeth@gmail.com,firefighter
1017,Britte,Seumas,Britte.Seumas@yopmail.com,Britte.Seumas@gmail.com,firefighter
1018,Malina,Grobe,Malina.Grobe@yopmail.com,Malina.Grobe@gmail.com,worker
1019,Rivalee,Wolfgram,Rivalee.Wolfgram@yopmail.com,Rivalee.Wolfgram@gmail.com,firefighter
1020,Renae,McLaughlin,Renae.McLaughlin@yopmail.com,Renae.McLaughlin@gmail.com,developer
1021,Tressa,Harriman,Tressa.Harriman@yopmail.com,Tressa.Harriman@gmail.com,firefighter
1022,Aili,Ranjiv,Aili.Ranjiv@yopmail.com,Aili.Ranjiv@gmail.com,firefighter
1023,Ulrike,Hermes,Ulrike.Hermes@yopmail.com,Ulrike.Hermes@gmail.com,doctor
1024,Christy,Sigfrid,Christy.Sigfrid@yopmail.com,Christy.Sigfrid@gmail.com,police officer
1025,Marguerite,Bivins,Marguerite.Bivins@yopmail.com,Marguerite.Bivins@gmail.com,developer
1026,Anica,Teddman,Anica.Teddman@yopmail.com,Anica.Teddman@gmail.com,developer
1027,Agnese,Stilwell,Agnese.Stilwell@yopmail.com,Agnese.Stilwell@gmail.com,police officer
1028,Ginnie,Kimmie,Ginnie.Kimmie@yopmail.com,Ginnie.Kimmie@gmail.com,firefighter
1029,Hermione,Goth,Hermione.Goth@yopmail.com,Hermione.Goth@gmail.com,worker
1030,Yvonne,Neils,Yvonne.Neils@yopmail.com,Yvonne.Neils@gmail.com,firefighter
1031,Nelle,Ricki,Nelle.Ricki@yopmail.com,Nelle.Ricki@gmail.com,worker
1032,Adele,Koziara,Adele.Koziara@yopmail.com,Adele.Koziara@gmail.com,police officer
1033,Mary,Nicoline,Mary.Nicoline@yopmail.com,Mary.Nicoline@gmail.com,developer
1034,Andeee,Brodench,Andeee.Brodench@yopmail.com,Andeee.Brodench@gmail.com,firefighter
1035,Stevana,Rebecka,Stevana.Rebecka@yopmail.com,Stevana.Rebecka@gmail.com,developer
1036,Tierney,Bryna,Tierney.Bryna@yopmail.com,Tierney.Bryna@gmail.com,developer
1037,Emmey,Rese,Emmey.Rese@yopmail.com,Emmey.Rese@gmail.com,police officer
1038,Jan,Kathie,Jan.Kathie@yopmail.com,Jan.Kathie@gmail.com,worker
1039,Paule,Arathorn,Paule.Arathorn@yopmail.com,Paule.Arathorn@gmail.com,developer
1040,Aurore,Dearborn,Aurore.Dearborn@yopmail.com,Aurore.Dearborn@gmail.com,doctor
1041,Barbi,Montgomery,Barbi.Montgomery@yopmail.com,Barbi.Montgomery@gmail.com,firefighter
1042,Rhea,Corrine,Rhea.Corrine@yopmail.com,Rhea.Corrine@gmail.com,worker
1043,Anestassia,Arathorn,Anestassia.Arathorn@yopmail.com,Anestassia.Arathorn@gmail.com,worker
1044,Tani,Goode,Tani.Goode@yopmail.com,Tani.Goode@gmail.com,police officer
1045,Felice,Dearborn,Felice.Dearborn@yopmail.com,Felice.Dearborn@gmail.com,police officer
1046,Larine,Jacobah,Larine.Jacobah@yopmail.com,Larine.Jacobah@gmail.com,worker
1047,Micheline,Ferino,Micheline.Ferino@yopmail.com,Micheline.Ferino@gmail.com,developer
1048,Lory,Middleton,Lory.Middleton@yopmail.com,Lory.Middleton@gmail.com,worker
1049,Kara-Lynn,Colleen,Kara-Lynn.Colleen@yopmail.com,Kara-Lynn.Colleen@gmail.com,doctor
1050,Mary,Giff,Mary.Giff@yopmail.com,Mary.Giff@gmail.com,doctor
1051,Beatriz,Denis,Beatriz.Denis@yopmail.com,Beatriz.Denis@gmail.com,police officer
1052,Nataline,Skurnik,Nataline.Skurnik@yopmail.com,Nataline.Skurnik@gmail.com,developer
1053,Eve,Ortrude,Eve.Ortrude@yopmail.com,Eve.Ortrude@gmail.com,police officer
1054,Dolli,Waldron,Dolli.Waldron@yopmail.com,Dolli.Waldron@gmail.com,developer
1055,Clarice,Mendez,Clarice.Mendez@yopmail.com,Clarice.Mendez@gmail.com,doctor
1056,Amalie,Magnolia,Amalie.Magnolia@yopmail.com,Amalie.Magnolia@gmail.com,firefighter
1057,Mureil,Armanda,Mureil.Armanda@yopmail.com,Mureil.Armanda@gmail.com,developer
1058,Emilia,Jacobah,Emilia.Jacobah@yopmail.com,Emilia.Jacobah@gmail.com,doctor
1059,Max,Miru,Max.Miru@yopmail.com,Max.Miru@gmail.com,worker
1060,Marita,Lamoree,Marita.Lamoree@yopmail.com,Marita.Lamoree@gmail.com,developer
1061,Rebeca,Loeb,Rebeca.Loeb@yopmail.com,Rebeca.Loeb@gmail.com,worker
1062,Rhoda,Randene,Rhoda.Randene@yopmail.com,Rhoda.Randene@gmail.com,firefighter
1063,Dennie,Azeria,Dennie.Azeria@yopmail.com,Dennie.Azeria@gmail.com,firefighter
1064,Florencia,Minetta,Florencia.Minetta@yopmail.com,Florencia.Minetta@gmail.com,police officer
1065,Dode,O'Carroll,Dode.O'Carroll@yopmail.com,Dode.O'Carroll@gmail.com,police officer
1066,Eugine,Kazimir,Eugine.Kazimir@yopmail.com,Eugine.Kazimir@gmail.com,police officer
1067,Lizzie,Katrine,Lizzie.Katrine@yopmail.com,Lizzie.Katrine@gmail.com,worker
1068,Amelia,Wildermuth,Amelia.Wildermuth@yopmail.com,Amelia.Wildermuth@gmail.com,developer
1069,Valera,Kress,Valera.Kress@yopmail.com,Valera.Kress@gmail.com,firefighter
1070,Annora,Cadmar,Annora.Cadmar@yopmail.com,Annora.Cadmar@gmail.com,worker
1071,Cathyleen,Leary,Cathyleen.Leary@yopmail.com,Cathyleen.Leary@gmail.com,developer
1072,Mariann,Mintz,Mariann.Mintz@yopmail.com,Mariann.Mintz@gmail.com,worker
1073,Korrie,Ophelia,Korrie.Ophelia@yopmail.com,Korrie.Ophelia@gmail.com,worker
1074,Adele,Agle,Adele.Agle@yopmail.com,Adele.Agle@gmail.com,developer
1075,Margarette,Wilkinson,Margarette.Wilkinson@yopmail.com,Margarette.Wilkinson@gmail.com,developer
1076,Leanna,Sheng,Leanna.Sheng@yopmail.com,Leanna.Sheng@gmail.com,worker
1077,Judy,Ralfston,Judy.Ralfston@yopmail.com,Judy.Ralfston@gmail.com,firefighter
1078,Kaja,Rad,Kaja.Rad@yopmail.com,Kaja.Rad@gmail.com,firefighter
1079,Sabina,Raseda,Sabina.Raseda@yopmail.com,Sabina.Raseda@gmail.com,firefighter
1080,Josephine,Allare,Josephine.Allare@yopmail.com,Josephine.Allare@gmail.com,developer
1081,Ashlee,Durware,Ashlee.Durware@yopmail.com,Ashlee.Durware@gmail.com,developer
1082,Karolina,Levey,Karolina.Levey@yopmail.com,Karolina.Levey@gmail.com,developer
1083,Aili,Tengdin,Aili.Tengdin@yopmail.com,Aili.Tengdin@gmail.com,doctor
1084,Rori,Sundin,Rori.Sundin@yopmail.com,Rori.Sundin@gmail.com,police officer
1085,Sashenka,Moina,Sashenka.Moina@yopmail.com,Sashenka.Moina@gmail.com,worker
1086,Orsola,Michella,Orsola.Michella@yopmail.com,Orsola.Michella@gmail.com,firefighter
1087,Annecorinne,Gunn,Annecorinne.Gunn@yopmail.com,Annecorinne.Gunn@gmail.com,doctor
1088,Amelia,Stevy,Amelia.Stevy@yopmail.com,Amelia.Stevy@gmail.com,police officer
1089,Janey,Carri,Janey.Carri@yopmail.com,Janey.Carri@gmail.com,police officer
1090,Tierney,Kaja,Tierney.Kaja@yopmail.com,Tierney.Kaja@gmail.com,developer
1091,Joceline,Tomasina,Joceline.Tomasina@yopmail.com,Joceline.Tomasina@gmail.com,police officer
1092,Renae,Weide,Renae.Weide@yopmail.com,Renae.Weide@gmail.com,worker
1093,Mallory,August,Mallory.August@yopmail.com,Mallory.August@gmail.com,doctor
1094,Ernesta,Jeanne,Ernesta.Jeanne@yopmail.com,Ernesta.Jeanne@gmail.com,police officer
1095,Luci,Rona,Luci.Rona@yopmail.com,Luci.Rona@gmail.com,worker
1096,Jerry,Genna,Jerry.Genna@yopmail.com,Jerry.Genna@gmail.com,firefighter
1097,Johna,Francene,Johna.Francene@yopmail.com,Johna.Francene@gmail.com,police officer
1098,Dawn,Pond,Dawn.Pond@yopmail.com,Dawn.Pond@gmail.com,police officer
1099,Kimmy,Rudolph,Kimmy.Rudolph@yopmail.com,Kimmy.Rudolph@gmail.com,worker